CoinName,Open,High,Low,Volume_M,MarketCap_B,RSI,MACD,SentimentScore,DayOfWeek,NewsCount,Close
BNB,,262.87,250.5,11.11,6.31,33.83,-154.59,-0.787,1,19,260.44
Bitcoin,37210.13,39484.5,35394.53,8.31,835.21,50.65,119.59,-0.167,2,3,36714.62
BNB,44110.58,46907.57,40602.5,6.56,826.82,76.49,389.96,0.537,2,8,45759.21
Solana,101.58,108.36,98.93,29.31,2.04,64.81,-198.59,-0.024,4,3,98.91
BNB,265.85,269.37,258.58,48.21,5.72,36.45,-78.84,-0.567,1,22,262.4
Solana,85.81,90.8,83.47,25.04,1.72,38.62,274.78,0.093,3,29,87.82
Solana,94.57,95.02,94.53,2.08,1.73,47.81,232.82,-0.984,3,6,93.72
BNB,295.88,318.1,281.23,33.48,5.38,22.19,175.58,-0.764,6,5,284.83
Ethereum,2184.28,2331.66,2139.74,18.79,51.15,,371.7,0.518,3,11,2238.53
BNB,267.47,267.54,256.92,31.45,6.25,44.84,-311.88,,5,5,261.16
Solana,101.96,108.81,99.03,21.08,1.66,51.11,-48.98,-0.581,6,16,98.93
bitcoin,0.49,0.51,0.48,7.85,0.01,70.62,49.31,-0.57,4,20,1.17
Ethereum,2665.56,2730.51,2634.89,32.8,44.32,52.66,-467.22,-0.368,0,19,
XRP,0.57,0.57,0.56,31.34,0.01,44.3,-425.11,0.477,0,27,1.02
XRP,0.51,0.54,0.48,,0.01,52.46,141.42,0.541,6,25,1.06
BNB,298.33,314.06,282.91,1.09,5.08,69.5,248.76,0.302,5,16,307.2
XRP,0.47,0.47,0.44,18.17,0.01,79.2,-458.1,0.964,0,1,1.27
XRP,0.51,0.54,0.5,29.74,0.01,70.24,272.59,-0.949,4,19,1.19
Ethereum,135919.5,2868.2,2538.87,23.71,48.48,31.89,327.24,0.652,0,28,
XRP,0.43,0.44,0.41,21.75,0.01,48.32,-132.78,-0.593,6,10,0.89
XRP,0.5,0.5,0.46,48.86,0.01,72.38,-138.94,-0.913,,19,1.22
Bitcoin,44504.07,46895.73,41675.41,4.12,704.92,23.99,91.87,0.84,0,20,
Bitcoin,36551.09,38504.3,33662.43,38.62,807.58,48.54,-15.21,0.689,,28,37603.98
XRP,0.5,0.53,0.48,29.36,0.01,65.96,18.22,-0.536,0,30,
Ethereum,2486.37,2541.76,2433.17,30.39,46.13,66.63,391.98,,6,8,2478.37
Ethereum,2645.32,2748.8,2561.16,17.51,49.28,68.53,22.51,0.412,5,25,2774.76
XRP,0.44,0.47,0.41,40.1,0.01,33.99,301.04,0.42,3,2,0.78
XRP,0.45,0.45,0.45,38.98,0.01,76.91,-340.96,0.906,2,24,
BNB,16789.0,353.14,314.54,,5.29,74.12,211.24,-0.587,0,15,328.96
BNB,335.61,359.37,315.84,,6.3,44.14,-178.82,0.809,2,20,336.95
BNB,309.87,318.15,298.39,34.75,5.25,29.08,2.76,0.962,0,25,319.77
XRP,0.55,0.57,0.53,9.98,0.01,40.57,-182.49,-0.111,3,17,0.94
Solana,99.08,103.42,95.4,1.2,1.75,56.36,-83.43,-0.043,3,24,95.35
Ethereum,2381.26,2429.01,2264.94,35.61,45.13,54.18,-496.03,0.673,0,24,2434.76
Solana,100.78,105.23,99.76,26.89,1.87,44.87,-475.69,-0.477,,11,100.57
Ethereum,2518.16,2585.57,2487.23,29.88,49.13,74.93,-186.91,-0.83,2,7,
Ethereum,,2204.33,1987.75,47.91,44.17,,-130.1,0.381,2,13,2203.02
Ethereum,2442.64,2476.19,2273.76,33.94,52.52,35.21,4.18,-0.773,4,5,2393.74
Ethereum,2202.03,2203.76,2195.85,49.94,53.0,,46.33,0.869,,10,2246.64
Bitcoin,39877.62,40832.53,38538.07,20.94,790.69,55.18,-204.28,-0.762,0,10,38246.95
Ethereum,2278.96,2284.54,2099.27,2.63,45.3,64.59,8.16,-0.708,1,20,2250.81
Ethereum,2279.71,2410.44,2124.24,7.82,43.06,29.08,327.8,-0.219,,0,2220.61
Solana,4631.5,92.75,89.55,8.66,2.11,26.45,-145.08,0.85,3,17,95.19
Ethereum,2762.36,2910.13,2640.77,14.08,45.06,23.8,-457.35,-0.533,2,17,2701.7
Ethereum,2578.83,2659.77,2559.19,34.66,48.16,25.95,-204.51,-0.686,1,26,2562.2
BNB,312.61,324.06,294.96,34.46,6.1,168.99,-306.12,-0.854,3,15,307.76
Ethereum,119522.49999999999,2537.72,2342.98,24.86,54.73,20.85,-178.13,,1,18,2420.68
Bitcoin,35296.32,37671.67,32961.71,,691.57,62.49,185.97,0.467,5,6,36956.63
Solana,112.23,117.74,104.31,34.87,1.89,74.07,-460.57,-0.864,,17,112.1
Solana,90.45,96.09,85.5,31.21,1.88,52.13,-55.1,-0.667,4,29,90.31
BNB,291.29,305.84,280.66,34.71,5.12,67.96,-375.38,0.324,3,28,301.7
XRP,0.5,0.53,0.47,24.63,0.01,55.41,37.13,-0.984,0,27,1.03
BNB,303.68,307.31,298.31,44.37,6.27,53.79,-85.68,0.098,,0,318.39
Solana,95.33,98.42,94.7,9.97,1.68,75.84,360.57,0.177,2,0,97.11
XRP,0.52,0.56,0.48,3.55,0.01,26.14,-97.36,,6,5,0.8
XRP,,0.48,0.45,5.91,0.01,27.55,160.3,0.275,5,25,0.77
XRP,0.57,0.6,0.54,9.46,0.01,31.34,204.86,0.664,0,26,0.89
Solana,112.36,115.58,105.89,35.21,1.89,,409.75,,2,25,116.03
Solana,94.49,101.45,88.82,17.06,1.78,54.36,-471.16,-0.853,5,0,95.01
Bitcoin,1890407.0,40196.08,37498.09,8.4,792.65,44.19,-495.47,0.046,4,13,37892.18
Solana,88.62,89.29,87.29,40.62,1.88,44.71,-61.98,0.003,6,21,91.25
Ethereum,2323.57,2367.4,2149.09,29.51,45.37,75.92,-164.35,0.518,4,10,2437.39
Bitcoin,44262.55,47391.95,43521.47,6.24,841.61,25.87,181.85,0.852,6,0,46467.88
XRP,0.47,0.5,0.45,49.97,0.01,31.6,213.26,-0.877,6,8,0.78
XRP,0.51,0.54,0.5,3.81,0.01,49.13,476.44,0.864,3,30,1.01
BNB,256.52,259.96,251.58,22.82,5.15,58.75,-454.53,-0.022,3,7,255.98
Ethereum,2407.75,2516.69,2378.91,10.93,49.49,46.88,314.62,-0.024,5,30,
Ethereum,2617.43,2661.8,2518.91,5.71,48.35,48.19,-48.7,-0.512,3,4,2559.17
Solana,,113.02,106.75,43.61,1.86,23.36,-57.64,-0.406,1,27,106.67
Ethereum,2130.17,2154.89,2084.78,27.51,51.16,193.14,-323.2,0.853,4,16,2177.34
XRP,0.49,0.5,0.48,42.93,0.01,65.35,135.04,0.462,6,14,1.16
Ethereum,2462.35,2635.19,2375.03,8.2,47.7,,-189.82,-0.555,0,15,2433.18
Bitcoin,43150.64,45619.57,40414.85,27.22,781.21,,-356.69,0.731,4,4,44978.58
Bitcoin,45852.88,46264.11,44633.51,5.78,795.29,60.88,-127.13,0.114,0,11,47151.46
Bitcoin,,45222.42,42263.85,46.82,790.82,195.52,132.77,-0.435,0,22,42801.68
XRP,0.52,0.54,0.51,42.8,0.01,60.59,407.2,-0.214,3,10,1.1
Ethereum,2753.23,2870.55,2639.66,23.17,46.94,23.26,186.2,,3,4,2661.32
BNB,268.7,287.94,254.77,,4.97,38.73,-73.01,-0.927,5,24,263.52
XRP,0.46,0.48,0.46,24.6,0.01,37.91,-387.45,-0.579,4,14,0.83
Ethereum,2765.95,2842.34,2609.6,25.33,52.67,34.05,-94.72,-0.519,1,25,2728.06
Solana,109.62,117.23,107.25,22.91,2.05,22.73,122.21,0.62,,4,114.87
Ethereum,2681.32,2781.06,2633.99,,43.84,28.59,62.77,0.149,5,20,2689.06
Bitcoin,37731.92,38521.36,37016.22,13.88,799.63,27.44,-147.7,-0.435,2,11,37087.95
Ethereum,2640.99,2699.42,2501.38,12.07,45.61,75.73,13.06,0.396,,9,2682.95
XRP,0.54,0.57,0.51,35.42,0.01,76.16,-364.19,0.338,0,28,
Solana,93.72,94.69,89.21,3.33,2.04,69.19,-351.45,-0.418,0,13,90.33
Ethereum,2182.38,2323.56,2130.42,39.95,44.6,20.25,63.51,-0.052,,29,210100.0
Solana,109.88,113.82,106.89,1.75,1.96,24.81,-253.55,0.965,4,3,113.3
XRP,0.57,0.57,0.55,19.72,0.01,38.62,466.92,-0.938,6,10,0.94
Ethereum,2431.88,2477.83,2343.31,45.35,46.63,63.72,-103.49,0.552,5,5,2488.44
Solana,89.33,90.15,87.23,36.34,1.85,31.41,277.33,-0.897,,25,88.45
Solana,107.58,113.49,99.95,47.5,1.9,20.99,477.24,0.256,2,11,112.33
Ethereum,116095.5,2443.54,2256.46,40.89,43.38,59.76,-473.26,-0.358,4,15,2280.05
BNB,319.39,320.63,313.91,43.14,5.45,69.68,-163.67,0.063,6,30,32552.999999999996
Ethereum,2220.93,2274.94,2072.83,23.81,45.22,41.54,-457.19,0.775,3,11,
BNB,269.45,289.47,258.03,26.63,6.11,48.49,71.78,0.345,,15,270.75
XRP,0.54,0.58,0.51,22.72,0.01,43.96,-201.6,0.878,1,21,0.98
Ethereum,2278.34,2295.8,2169.38,46.04,49.85,78.23,236.68,-0.018,0,11,2261.91
XRP,0.52,0.52,0.5,48.69,0.01,69.83,-40.51,0.392,0,25,1.24
Solana,95.68,101.48,92.92,24.56,1.95,,-407.32,0.216,0,6,100.47
Solana,93.54,95.28,91.81,41.6,2.0,43.46,436.68,0.467,1,10,96.69
Bitcoin,43617.17,46999.93,41362.25,26.76,800.65,51.24,110.52,0.742,3,6,45459.16
XRP,0.56,0.56,0.53,42.29,0.01,35.06,-23.27,-0.445,3,20,0.91
Solana,,96.71,89.04,16.95,2.0,51.84,216.15,-0.478,1,19,89.01
Solana,89.19,92.69,85.05,14.75,2.11,43.38,444.84,,2,0,85.81
Bitcoin,35639.18,37320.77,33290.12,42.04,733.31,79.07,277.36,0.789,5,1,36644.19
Ethereum,2645.06,2841.1,2581.31,13.85,45.29,49.29,265.94,-0.109,3,6,2591.73
Ethereum,2777.82,2987.95,2562.98,22.95,46.91,24.92,-310.12,-0.909,4,13,
Solana,97.07,97.1,96.81,19.19,1.91,79.55,352.5,-0.76,1,25,94.53
XRP,0.45,0.46,0.44,6.18,0.01,51.47,-429.0,0.091,5,19,0.97
XRP,0.44,0.47,0.41,40.06,0.01,26.76,-188.39,,3,28,0.71
Solana,91.79,98.18,89.15,45.4,2.05,41.53,348.39,0.368,3,15,94.99
Ethereum,2610.05,2698.55,2594.9,32.87,53.09,41.93,-299.83,-0.469,1,10,2509.34
XRP,0.5,0.52,0.5,6.69,0.01,42.98,-119.11,-0.608,2,21,0.91
Bitcoin,38993.07,40933.05,36998.83,34.75,774.17,22.14,483.54,0.927,3,29,39568.43
BNB,308.01,323.65,287.69,14.05,6.13,156.47,377.37,-0.582,,12,300.82
BNB,326.65,335.71,319.07,30.34,5.79,59.69,-94.74,0.578,1,15,331.31
XRP,0.54,0.55,0.53,39.68,0.01,23.36,-116.68,,5,26,0.78
XRP,21.5,0.45,0.41,5.24,0.01,66.28,-45.67,0.278,1,10,1.1
etherum,0.51,0.55,0.49,47.85,0.01,65.35,-485.73,-0.163,0,14,1.14
Solana,98.61,104.45,93.4,13.43,1.79,27.69,-312.02,0.211,2,3,98.97
BNB,,267.72,241.01,40.31,5.43,58.89,-153.56,-0.218,,12,
Solana,86.15,91.29,82.9,0.64,2.09,60.97,377.16,0.279,1,14,88.19
Solana,102.4,105.41,94.91,17.19,1.81,71.82,124.04,0.236,6,15,106.67
Solana,92.82,98.9,86.89,12.58,1.9,20.34,446.27,,2,13,97.17
Bitcoin,34816.75,36382.65,33855.97,19.56,797.93,,-437.56,0.715,4,17,35393.95
BNB,315.12,317.33,297.17,9.45,5.77,76.42,-313.03,,6,29,304.76
Bitcoin,43935.26,45136.1,42390.03,44.23,758.39,51.48,487.91,-0.063,0,21,41980.42
BNB,321.15,327.68,300.37,23.42,5.33,,-165.32,0.802,6,1,326.72
BNB,340.45,353.64,334.08,36.23,5.39,66.22,314.7,0.252,5,30,356.31
Bitcoin,,35962.2,34599.86,,805.86,42.71,135.58,0.168,4,18,35209.39
Solana,108.18,110.71,105.57,29.89,1.75,73.26,-95.33,0.417,5,7,111.49
Solana,110.8,114.6,107.6,,1.78,65.55,184.84,0.671,2,5,116.83
Bitcoin,40788.08,42160.44,39960.14,19.71,707.77,54.12,-129.5,-0.761,3,3,39027.35
Ethereum,2625.88,2752.18,2623.34,2.03,44.23,40.7,188.5,0.333,0,21,2652.66
XRP,0.48,0.5,0.44,1.39,0.01,67.06,96.81,0.732,6,12,1.16
etherum,2705.64,2829.5,2564.2,37.26,48.2,24.58,-432.33,,5,14,2808.15
XRP,0.52,0.53,0.49,40.1,0.01,45.04,3.46,-0.748,,2,0.95
Solana,102.11,102.78,94.99,7.6,1.89,73.34,-278.62,0.389,2,2,106.45
XRP,0.54,0.56,0.52,7.21,0.01,22.51,153.46,,1,5,0.78
Ethereum,2465.92,2583.29,2355.98,,42.61,21.55,346.75,,1,4,2467.48
Bitcoin,39770.62,41795.77,39497.96,27.32,865.67,55.98,-260.84,0.438,0,27,40205.52
XRP,0.55,0.58,0.55,36.09,0.01,38.74,-427.41,-0.952,3,20,0.92
BNB,274.36,285.36,260.47,2.04,5.69,,-348.1,-0.854,,7,263.46
Solana,105.01,107.85,101.32,35.09,1.96,65.71,380.7,0.153,2,23,106.98
Bitcoin,34929.34,37441.24,32950.31,5.93,767.42,62.92,394.58,0.285,,28,35015.18
XRP,0.43,0.46,0.42,13.48,0.01,,-22.89,-0.098,6,12,0.8
Bitcoin,39333.68,40737.31,36793.72,5.3,797.72,59.25,-232.34,0.566,0,18,40723.7
Ethereum,2810.34,3004.8,2614.77,20.88,52.82,,171.11,-0.973,0,8,2745.55
Bitcoin,40838.57,42276.98,40509.84,13.24,815.47,41.3,-384.34,,6,24,42476.33
BNB,322.42,337.7,304.53,24.56,5.41,21.39,-370.6,-0.486,5,3,310.05
BNB,309.25,326.06,298.11,18.56,5.11,35.67,-91.15,0.991,2,14,313.19
Bitcoin,,40875.68,38273.96,43.58,694.29,46.54,-208.42,0.969,4,16,39242.51
Ethereum,2320.48,2440.57,2296.71,30.82,50.14,62.14,171.19,-0.93,0,23,2317.06
Solana,112.84,119.99,109.58,47.12,1.87,53.32,130.87,0.295,4,25,115.92
XRP,0.44,0.46,0.43,47.73,0.01,53.36,271.11,0.143,5,26,0.98
Bitcoin,39022.44,40609.01,36108.38,,827.79,76.06,-47.18,-0.044,1,3,38088.96
Ethereum,2143.49,2284.61,2078.31,33.28,49.88,39.08,-229.68,0.695,6,8,2150.38
Ethereum,2865.11,2921.91,2794.06,3.43,48.64,39.1,318.79,0.563,4,15,2989.65
Bitcoin,41768.21,43005.52,41650.97,3.1,691.62,47.33,454.39,0.994,4,11,43448.9
Bitcoin,,46189.9,43493.18,35.48,662.24,,306.18,-0.25,3,18,42608.41
BNB,311.56,333.26,294.62,29.66,5.82,49.35,103.2,-0.834,0,26,302.97
Ethereum,2581.55,2750.67,2487.44,9.99,42.76,32.37,-417.45,,4,25,2510.24
BNB,323.76,334.22,309.9,33.53,5.79,36.79,-189.84,0.883,,26,335.69
Solana,87.74,94.7,86.3,39.45,1.85,31.87,-403.27,-0.17,6,22,85.18
Solana,94.51,101.38,94.01,4.22,2.0,46.17,349.13,,3,9,90.91
XRP,0.47,0.5,0.44,22.21,0.01,52.12,-345.78,0.06,5,20,
XRP,0.52,0.54,0.52,25.95,0.01,50.4,286.55,0.123,6,7,1.04
XRP,0.48,0.5,0.45,38.81,0.01,34.58,466.49,-0.651,3,5,0.81
Solana,,113.15,96.65,28.33,1.71,,492.81,-0.78,0,21,104.71
Bitcoin,39599.59,42118.66,36526.73,46.99,774.65,43.59,-107.72,0.44,4,9,40550.74
Bitcoin,37367.97,38747.77,36123.02,20.29,806.18,43.0,385.44,,0,23,
Solana,106.83,108.55,105.71,22.75,1.84,55.31,115.96,0.152,3,14,110.24
BNB,333.19,355.66,330.09,41.13,5.21,38.53,-261.54,0.982,6,27,342.08
Ethereum,2565.18,2673.01,2513.56,13.91,50.28,39.65,26.27,-0.79,6,2,2496.86
Bitcoin,34019.77,34711.92,31441.62,45.56,761.67,68.68,41.13,0.578,6,16,35656.68
Bitcoin,36984.86,38248.03,36701.73,43.74,734.49,,-403.87,0.724,3,10,37068.1
XRP,0.55,0.58,0.52,1.87,0.01,120.84,-33.38,-0.659,0,19,1.3
Solana,91.19,92.25,89.91,10.31,2.18,45.72,29.32,0.233,2,23,96.03
Ethereum,2331.01,2489.49,2204.86,41.65,49.01,,-24.54,-0.315,3,25,2232.47
Solana,92.7,96.43,91.89,19.11,1.8,70.24,-330.86,-0.381,6,8,89.89
XRP,0.47,0.49,0.44,40.8,0.01,69.83,-478.32,-0.186,,10,1.17
Bitcoin,38822.09,40344.17,36508.52,9.65,761.39,78.43,54.98,-0.808,1,29,37409.63
etherum,0.54,0.55,0.51,42.16,0.01,31.03,411.32,,3,11,0.87
Solana,97.37,101.35,91.16,42.53,1.85,75.25,328.98,-0.108,1,20,94.19
Bitcoin,35667.17,36703.76,34202.13,40.53,823.1,52.57,204.79,-0.448,4,29,
Bitcoin,38313.75,39067.98,37728.68,43.08,738.36,,274.9,-0.975,3,27,37963.11
Solana,,91.45,88.91,4.43,1.92,185.54,46.95,0.062,1,25,95.9
Bitcoin,45457.28,48256.39,42758.27,44.82,808.86,35.67,-344.06,-0.88,2,6,45287.88
XRP,0.48,0.51,0.46,37.51,0.01,49.2,259.67,,2,10,0.97
Ethereum,2332.23,2424.85,2318.96,41.05,42.29,41.87,55.68,0.581,2,11,2405.24
Solana,112.25,120.31,106.24,38.49,1.71,36.33,418.54,-0.967,4,30,107.96
Ethereum,2343.38,2354.16,2169.27,,43.3,30.51,-243.31,-0.395,0,24,2283.66
Bitcoin,37154.24,39601.9,34287.02,26.22,816.53,111.31,-122.97,0.321,6,26,37418.69
Bitcoin,45593.06,48552.56,42048.56,21.23,778.73,,467.8,-0.796,0,4,43983.08
BNB,308.28,315.43,302.02,22.53,5.74,24.09,493.66,0.139,6,13,311.84
XRP,0.53,0.53,0.51,13.99,0.01,72.78,158.3,-0.507,6,25,1.23
Ethereum,2178.42,2294.34,2115.88,40.96,45.31,23.81,331.85,0.499,6,14,2219.99
Bitcoin,35435.5,37297.76,34228.2,42.82,763.98,60.48,-396.09,0.151,2,13,
Solana,103.68,107.92,99.65,19.15,1.81,70.0,-420.1,0.86,,20,108.81
Ethereum,2408.56,2499.84,2232.41,37.23,48.03,37.51,198.7,0.963,0,18,2492.13
BNB,275.86,283.93,268.08,2.06,5.74,,361.77,0.711,5,26,
Bitcoin,36978.17,37238.72,35442.16,4.19,778.35,46.65,133.7,0.203,4,10,38653.21
Bitcoin,37733.4,39830.57,36482.66,9.42,818.6,32.87,-114.08,-0.777,5,19,36832.61
BNB,337.18,353.56,333.97,7.78,5.83,74.77,97.72,0.4,0,12,343.63
Ethereum,2691.8,2893.59,2619.53,48.61,51.49,21.21,-415.64,-0.604,1,20,2565.35
XRP,0.45,0.46,0.45,23.39,0.01,,-433.02,-0.502,3,23,1.2
XRP,0.44,0.47,0.44,27.27,0.01,64.94,-37.23,-0.867,4,2,1.08
Ethereum,2534.62,2615.18,2438.08,,45.32,70.82,-345.42,0.817,1,0,2592.9
BNB,302.28,325.22,300.23,34.81,6.2,23.23,497.12,0.796,3,4,306.47
XRP,0.46,0.49,0.43,40.33,0.01,76.51,272.85,-0.036,0,11,1.22
Ethereum,2628.4,2825.38,2496.13,16.53,52.11,23.06,469.53,-0.576,2,13,2627.76
Solana,113.96,120.75,113.3,,2.1,71.51,146.86,0.377,4,0,119.6
Solana,109.97,116.47,103.42,19.05,1.89,51.41,-209.53,0.078,3,9,110.85
BNB,337.96,346.6,323.97,3.29,5.97,65.04,-281.95,-0.971,4,1,323.41
Solana,106.9,111.69,106.48,28.69,1.84,65.21,-240.38,0.618,,1,112.67
XRP,0.54,0.56,0.51,34.93,0.01,69.7,408.58,-0.947,4,17,1.24
Solana,102.24,109.04,97.95,7.75,1.82,24.87,-22.42,0.794,5,25,106.11
Bitcoin,37843.27,40251.73,35878.21,33.32,742.84,124.2,-470.49,0.248,3,7,38020.71
Ethereum,2313.02,2446.65,2279.86,19.71,49.78,,-177.33,-0.586,0,0,2279.09
Solana,104.76,104.81,97.45,32.55,1.83,67.86,144.87,-0.137,2,5,102.45
XRP,0.52,0.53,0.52,47.98,0.01,79.59,-353.58,0.917,3,30,1.33
Ethereum,2693.79,2802.84,2523.18,6.39,48.27,47.18,417.0,0.203,5,21,2714.1
BNB,295.64,315.7,294.54,9.63,5.15,53.83,-456.52,-0.475,4,27,286.88
Ethereum,2206.55,2303.6,2110.48,17.29,53.4,26.61,498.34,-0.522,,4,2201.99
XRP,0.56,0.57,0.55,34.66,0.01,78.53,246.82,-0.71,5,30,
Bitcoin,42736.54,43503.09,41933.02,48.12,841.24,43.56,-304.43,-0.083,2,22,41303.23
Ethereum,2858.33,2955.53,2843.1,26.04,43.66,31.94,-105.33,-0.328,3,1,2725.12
Bitcoin,,46189.9,43493.18,35.48,662.24,,306.18,-0.25,3,18,42608.41
XRP,0.5,0.53,0.5,23.7,0.01,20.63,-78.21,,3,3,0.73
Solana,86.78,91.63,81.12,40.53,1.84,64.46,180.91,-0.972,3,0,85.0
Bitcoin,,40575.7,37138.41,36.45,750.01,23.65,-165.95,-0.08,,5,38349.39
XRP,0.56,0.6,0.54,24.85,0.01,46.11,88.27,-0.107,6,24,1.0
Ethereum,,2482.09,2358.56,49.7,41.54,23.77,225.62,0.331,0,9,
Solana,104.28,112.59,97.83,,1.81,64.18,-431.03,-0.306,5,8,102.12
Solana,107.17,114.48,104.16,25.56,1.76,67.31,-106.26,0.125,3,9,110.45
XRP,0.57,0.59,0.55,41.64,0.01,64.6,-93.3,0.332,1,26,1.22
Etherium,34858.65,37324.59,34479.65,4.38,803.74,57.75,-447.84,0.26,,18,
Bitcoin,42565.94,43851.19,41534.61,23.31,800.34,23.1,-235.99,0.247,0,27,43828.52
XRP,0.45,0.48,0.43,28.08,0.01,36.86,473.81,-0.219,0,12,0.8
Solana,91.51,97.02,90.19,49.74,1.93,27.99,-59.53,,,13,95.31
Ethereum,,2935.75,2676.94,42.13,48.0,71.15,490.47,0.73,0,18,2897.36
XRP,0.48,0.51,0.47,44.35,0.01,53.1,-9.17,0.773,2,0,1.01
etherum,332.15,352.27,329.83,28.22,5.37,,-91.24,-0.369,0,14,332.39
XRP,0.47,0.49,0.46,39.26,0.01,,-187.37,0.368,5,21,1.15
XRP,0.49,0.51,0.48,3.15,0.01,,-465.44,-0.317,5,29,1.09
Bitcoin,43551.78,46150.93,40284.0,,758.53,30.68,-196.72,-0.857,3,21,
Bitcoin,36164.33,38340.3,33972.35,8.76,657.46,76.0,59.24,0.102,0,7,36568.8
Bitcoin,1701739.0,36266.46,33761.71,6.42,781.26,,-51.03,0.28,1,3,35373.31
Solana,,93.0,90.64,4.29,1.97,21.9,87.61,0.8,3,5,91.64
Bitcoin,35602.23,36703.26,34914.11,14.67,775.09,60.02,-222.43,0.988,6,20,36104.6
Ethereum,2338.14,2448.9,2151.42,32.34,47.57,25.32,267.02,0.658,5,8,2365.12
Ethereum,2560.7,2626.06,2393.8,28.0,43.97,67.7,11.29,-0.619,,20,2536.83
BNB,281.55,294.45,281.23,11.78,5.89,75.02,-210.97,-0.598,,11,
Ethereum,2403.8,2528.62,2255.94,34.18,49.77,34.79,134.62,0.017,4,8,2518.06
BNB,286.83,298.34,271.3,26.39,5.28,37.37,-346.52,-0.215,2,2,283.24
BNB,261.09,271.94,259.66,39.2,5.75,71.74,383.15,0.781,3,19,266.7
BNB,339.84,343.77,337.38,26.64,5.53,23.75,-74.57,0.986,2,4,352.69
Solana,90.09,95.17,88.96,37.12,2.0,47.42,-176.33,-0.059,3,6,86.53
Bitcoin,37785.49,40472.23,37045.02,,871.35,65.58,73.33,-0.242,6,6,37671.98
Bitcoin,37416.88,40217.8,35342.14,3.34,775.76,52.71,-279.32,-0.027,1,18,36370.55
Ethereum,2873.86,2993.65,2811.1,29.12,50.0,78.0,157.82,0.963,6,13,2925.15
Solana,85.52,91.8,83.48,30.21,1.83,33.2,312.78,-0.852,1,8,83.39
Bitcoin,45913.34,48127.24,43653.57,21.89,756.06,29.25,73.96,0.854,6,6,47193.75
BNB,281.16,283.42,264.76,2.45,5.79,62.39,63.54,-0.354,6,28,279.95
BNB,257.61,271.2,245.72,,5.75,38.77,340.31,0.355,2,30,260.05
BNB,304.49,305.51,294.24,16.3,6.4,186.64,-416.77,0.045,6,12,312.18
XRP,0.52,0.54,0.51,40.19,0.01,,88.19,-0.226,4,14,1.27
XRP,0.56,0.58,0.53,,0.01,22.6,319.41,0.016,4,6,0.8
XRP,0.54,0.57,0.5,46.69,0.01,39.47,91.47,0.882,1,4,0.94
Solana,100.54,102.03,93.95,3.78,1.77,25.05,-407.92,0.207,0,14,104.93
Solana,88.19,92.94,85.61,48.36,1.95,70.27,-259.56,-0.465,1,11,84.55
Solana,86.09,87.16,80.5,7.01,1.71,52.31,454.41,,0,20,84.48
Solana,95.25,100.65,89.68,48.58,1.99,43.89,469.78,-0.24,6,8,
BNB,299.5,300.39,284.36,33.22,6.2,51.92,470.56,,,23,303.16
Bitcoin,40901.66,43014.83,38887.57,,730.58,44.94,-47.58,-0.754,5,12,38877.58
Solana,,105.42,98.76,,1.8,34.61,-82.52,0.094,2,22,106.03
XRP,0.44,0.44,0.42,28.4,0.01,70.86,-118.2,-0.516,4,2,1.13
XRP,0.45,0.45,0.45,42.79,0.01,74.51,-199.04,0.749,6,22,1.2
XRP,0.55,0.56,0.53,37.02,0.01,,-405.44,-0.156,2,2,0.82
BNB,335.43,344.55,327.03,41.77,5.42,,15.05,-0.566,2,14,330.33
bnb,299.97,317.1,276.85,13.11,5.39,62.34,-30.18,-0.878,1,24,293.66
XRP,21.5,0.45,0.41,5.24,0.01,66.28,-45.67,0.278,1,10,1.1
Ethereum,,2134.46,2088.61,4.46,49.48,25.43,-341.66,0.137,,1,2223.35
Solana,93.36,97.19,92.49,38.05,2.02,20.26,418.07,,1,23,97.93
XRP,0.47,0.48,0.46,47.74,0.01,23.45,-453.68,0.395,0,21,0.72
BNB,341.33,356.69,320.71,49.44,5.85,72.73,391.48,-0.093,0,5,332.11
Ethereum,2733.87,2753.42,2527.89,36.26,48.48,55.71,-265.2,0.106,4,3,2833.82
BNB,273.97,277.03,253.82,23.82,6.27,58.08,-447.3,0.685,2,16,276.8
XRP,,0.49,0.46,26.54,0.01,73.43,493.54,0.681,2,14,1.23
BNB,330.64,340.7,309.03,33.56,5.01,41.81,-276.56,-0.615,5,21,325.27
BNB,340.98,344.16,319.56,12.54,5.71,71.6,179.27,-0.333,1,9,338.53
Bitcoin,42310.01,44340.91,41463.72,49.66,836.91,45.93,-236.26,-0.151,4,9,40969.62
Bitcoin,35848.46,36892.41,33614.37,45.13,849.4,45.86,-236.49,0.468,0,12,36388.66
XRP,0.43,0.46,0.43,3.89,0.01,71.37,-405.32,0.084,2,17,1.14
XRP,0.5,0.54,0.47,36.15,0.01,54.41,-451.47,-0.775,4,11,1.02
Bitcoin,,45210.01,41790.16,33.9,765.28,58.42,-111.34,0.778,6,15,4526135.0
Bitcoin,34223.85,34959.16,33260.6,42.93,705.99,21.16,349.32,0.046,2,27,35584.81
Bitcoin,45325.83,46699.81,43567.56,21.18,769.35,40.26,-8.58,-0.798,,9,44523.23
Ethereum,2130.27,2298.71,2044.35,19.83,41.99,34.79,337.1,0.209,5,15,2192.11
Bitcoin,34100.72,36078.93,32148.58,16.61,762.0,61.98,-114.81,-0.354,,13,33967.81
Ethereum,2214.21,2295.01,2045.3,27.02,44.27,37.17,-323.54,0.835,6,4,
Bitcoin,35400.29,37357.66,32945.47,19.03,768.53,61.34,-156.63,0.945,3,6,36110.95
Solana,102.35,108.17,99.59,4.61,1.78,59.37,422.7,0.787,0,4,105.65
Solana,5534.0,117.35,110.21,12.41,2.05,53.72,-311.18,0.491,3,26,113.78
XRP,0.49,0.52,0.46,31.48,0.01,70.52,-284.85,0.823,4,11,1.21
Ethereum,2716.96,2771.83,2706.02,5.19,50.47,54.76,425.72,0.476,6,17,2827.07
BNB,264.32,282.17,256.83,18.41,5.98,29.42,376.44,-0.066,0,3,255.61
Bitcoin,37367.97,38747.77,36123.02,20.29,806.18,43.0,385.44,,0,23,
BNB,299.52,307.4,292.34,32.76,5.91,70.15,-304.84,0.131,0,25,308.0
Bitcoin,40423.2,42659.01,39496.64,44.09,671.57,42.04,-479.3,-0.391,1,1,39619.59
Bitcoin,42581.24,42839.87,42316.33,3.21,731.23,37.82,-259.31,0.542,,18,44643.75
BNB,279.64,299.41,258.41,19.44,5.24,49.57,-75.7,0.604,6,11,288.45
Solana,107.91,108.49,107.58,40.9,1.8,60.93,-426.51,-0.041,1,12,103.32
XRP,0.48,0.51,0.48,21.71,0.01,64.89,-382.18,0.234,3,13,1.14
bnb,44544.72,44678.45,41230.84,38.41,788.57,61.93,-31.67,0.638,1,0,
Ethereum,2460.78,2522.75,2299.81,42.23,49.83,58.25,-411.72,0.128,1,28,2477.1
BNB,268.59,284.01,256.1,35.25,5.81,56.52,205.15,0.373,5,27,272.24
Ethereum,2821.8,2958.32,2641.47,28.91,45.12,72.73,447.52,0.504,3,14,2858.7
Ethereum,2160.67,2262.05,2160.57,18.03,43.53,43.55,-496.41,0.944,1,13,2226.71
BNB,,0.57,0.52,10.27,0.01,46.26,240.43,-0.537,0,3,1.0
Solana,99.79,104.9,92.72,45.44,1.88,25.77,-430.76,0.418,1,13,100.09
BNB,258.01,265.32,252.25,4.79,5.41,29.61,-231.97,,3,23,261.41
BNB,294.66,305.71,272.53,18.35,5.77,66.22,-25.8,0.971,,18,308.88
BNB,267.16,275.23,254.16,1.15,6.21,34.92,-280.24,0.343,0,0,27526.0
Solana,89.7,96.67,83.34,,2.03,40.1,201.28,,4,23,92.05
BNB,293.08,302.86,289.46,32.76,5.3,75.03,454.85,0.141,6,6,305.62
XRP,,0.51,0.48,10.4,0.01,59.1,-255.65,-0.378,5,15,1.08
Ethereum,,2550.04,2312.75,41.38,44.16,34.4,-110.71,-0.16,3,9,2456.86
Ethereum,2229.58,2359.66,2083.56,42.88,51.67,67.12,23.72,-0.356,5,27,2140.47
XRP,0.44,0.46,0.44,23.58,0.01,44.76,401.04,-0.274,2,23,
Bitcoin,38812.53,41075.13,38383.63,5.38,815.57,77.43,-406.38,-0.484,5,8,38588.17
BNB,273.42,280.11,264.23,39.27,5.81,31.05,-186.96,-0.765,,22,270.82
XRP,0.5,0.52,0.49,8.8,0.01,37.22,342.54,-0.23,1,5,0.86
Solana,106.41,113.0,104.6,44.41,1.98,32.8,-331.02,0.07,3,22,108.65
Bitcoin,40145.09,40483.59,38227.17,27.26,667.64,28.11,-441.68,-0.762,4,7,39140.27
Bitcoin,42070.29,45359.6,41419.67,21.73,733.75,56.32,442.78,-0.33,0,8,41934.37
BNB,338.09,338.57,314.72,,5.45,79.93,-22.39,-0.292,6,30,331.74
Bitcoin,43943.87,45685.06,41377.02,42.61,672.22,44.82,-278.44,-0.404,5,15,42653.67
Bitcoin,38855.21,41658.92,35777.17,26.71,704.12,76.64,397.06,0.017,4,1,40315.1
XRP,0.43,0.46,0.41,16.3,0.01,65.95,493.82,0.622,3,8,1.11
Etherium,86.4,87.14,80.29,16.82,1.74,50.39,-64.6,-0.637,3,22,84.56
Bitcoin,40801.35,41240.87,40068.86,14.35,782.31,23.37,425.9,-0.155,3,16,38918.27
XRP,0.52,0.56,0.51,30.57,0.01,62.83,-455.76,-0.018,3,16,1.13
bnb,27.500000000000004,0.57,0.54,,0.01,34.07,260.24,0.084,4,0,0.9
Solana,89.33,90.15,87.23,36.34,1.85,31.41,277.33,-0.897,,25,88.45
BNB,311.37,320.63,286.59,35.81,5.48,57.5,-445.91,0.486,1,6,324.92
BNB,313.35,318.31,304.45,42.85,5.61,39.54,-220.59,-0.644,4,30,312.13
BNB,320.31,321.01,300.19,49.66,5.5,57.64,113.44,0.939,3,0,330.56
BNB,325.92,331.69,320.46,40.89,5.48,59.49,4.9,0.211,,26,
Ethereum,2323.3,2458.03,2252.26,45.75,47.13,35.44,30.71,-0.088,4,1,2213.98
Bitcoin,45039.96,47454.39,44946.4,21.68,742.28,23.5,-323.2,-0.058,6,13,
XRP,0.52,0.52,0.51,20.33,0.01,76.29,-325.9,-0.669,3,25,1.27
Bitcoin,37164.33,39931.38,36533.89,43.73,790.13,69.85,314.58,0.608,4,4,38528.29
BNB,302.51,324.04,294.95,45.81,5.63,76.01,254.31,-0.042,6,8,294.21
BNB,319.1,337.66,304.14,38.55,6.43,36.08,463.27,-0.608,6,27,303.93
Solana,,89.91,88.25,19.21,2.05,71.67,-239.32,0.575,4,14,
XRP,0.5,0.5,0.46,48.86,0.01,72.38,-138.94,-0.913,,19,1.22
BNB,15632.0,316.53,312.29,40.69,5.23,77.58,55.39,0.826,3,24,315.11
Ethereum,2410.89,2575.18,2341.48,13.03,53.58,72.6,99.39,-0.952,2,29,2361.07
Ethereum,2133.0,2241.37,2098.11,5.98,46.36,,122.16,0.069,1,13,2235.36
XRP,,0.52,0.51,41.19,0.01,,-427.9,0.884,1,22,1.22
Ethereum,2555.69,2593.71,2437.68,14.65,41.91,48.87,-258.03,0.07,1,29,2576.06
BNB,273.54,293.03,271.89,23.63,5.72,79.01,288.68,0.802,6,13,284.53
XRP,,0.54,0.54,49.94,0.01,189.16,-249.29,0.465,4,11,1.16
BNB,330.35,349.8,320.84,1.87,5.59,28.05,-80.08,-0.259,5,27,322.54
XRP,0.56,0.57,0.52,24.8,0.01,55.68,-109.66,0.596,5,3,1.14
Ethereum,135489.5,2746.78,2501.85,28.88,44.4,126.69,-161.99,0.281,0,9,2838.64
BNB,287.75,307.43,275.1,37.94,6.18,,486.22,0.104,3,15,
Solana,,115.42,107.81,45.19,1.8,36.96,-15.29,-0.951,1,16,111.91
Solana,102.78,109.8,96.6,34.35,1.99,66.25,-132.17,,0,16,100.68
BNB,267.58,284.42,264.47,11.35,5.7,,-292.1,-0.929,6,7,258.63
Bitcoin,40715.17,42718.16,39178.46,14.52,828.46,,-87.79,-0.094,3,7,39193.62
XRP,0.48,0.5,0.47,,0.01,68.28,-498.14,-0.143,5,23,1.16
BNB,,295.41,279.59,18.29,5.98,55.93,-35.64,-0.519,1,29,274.0
BNB,340.58,360.88,328.24,11.62,5.69,37.2,48.53,0.0,3,7,329.56
Bitcoin,38542.56,40618.76,37039.05,9.8,722.89,37.99,17.39,0.209,1,8,
BNB,269.58,290.77,257.07,30.99,5.27,25.93,489.06,-0.48,1,16,267.63
Ethereum,2765.55,2779.08,2614.24,,48.41,150.81,29.03,0.713,3,28,2844.45
Solana,95.61,100.42,93.61,14.12,1.83,,-463.92,0.277,2,0,99.71
Bitcoin,45384.68,48783.55,43950.37,19.8,789.36,23.85,-48.09,0.714,4,3,47295.28
Ethereum,2176.94,2196.77,2086.11,27.58,48.98,57.75,-22.18,-0.145,2,7,2162.77
Solana,96.3,101.6,95.18,38.98,1.88,57.42,385.74,-0.723,6,10,94.7
Solana,100.14,104.9,97.52,34.73,1.86,46.42,-90.63,0.368,4,13,102.34
Bitcoin,,36398.68,33762.41,13.41,847.44,76.72,-397.37,-0.216,6,11,33597.94
XRP,0.5,0.54,0.46,39.78,0.01,39.11,-383.22,0.257,6,20,
XRP,0.53,0.57,0.53,22.81,0.01,35.46,-58.97,0.517,1,20,
Bitcoin,44711.35,47142.39,44093.81,49.11,760.04,35.73,-319.83,,6,13,44991.98
Ethereum,2846.15,2963.51,2786.11,,42.83,66.21,-399.69,0.769,6,30,2880.23
Solana,89.25,96.27,82.67,7.58,1.85,57.22,-45.7,0.719,5,14,93.87
Bitcoin,40980.11,43100.23,40109.54,16.75,844.97,,-465.0,-0.292,3,9,38989.93
Ethereum,2750.57,2874.48,2613.88,8.53,44.09,34.35,262.89,-0.557,1,19,2641.6
Bitcoin,40907.67,42058.23,40677.71,43.6,801.9,71.98,-160.73,-0.264,4,16,39602.18
BNB,322.36,340.99,308.21,45.66,6.51,35.84,368.28,-0.767,0,9,313.97
BNB,308.74,319.93,287.79,45.64,5.7,39.65,-432.63,-0.93,6,18,294.85
Solana,87.2,88.69,81.4,26.67,1.98,69.38,177.36,0.886,4,24,91.22
Ethereum,2411.14,2505.83,2329.61,,52.3,32.65,-261.02,-0.925,5,2,2381.89
Solana,98.2,101.61,93.32,16.3,2.05,41.7,-197.01,0.226,5,25,102.1
Ethereum,2279.71,2410.44,2124.24,7.82,43.06,29.08,327.8,-0.219,,0,2220.61
Solana,85.98,88.39,85.44,8.08,1.69,63.8,-109.43,0.011,3,30,87.5
Solana,100.46,105.98,97.43,28.58,1.95,60.7,-258.56,,4,27,96.45
Ethereum,2669.15,2838.44,2514.8,35.07,49.18,21.86,403.35,0.852,3,16,2699.06
Solana,99.42,100.6,97.96,15.69,1.98,58.89,-305.88,0.368,1,24,102.47
Ethereum,2419.7,2434.81,2265.3,1.31,47.45,26.19,-342.3,,1,16,2326.87
Solana,114.36,115.23,110.56,6.68,1.86,56.38,-25.63,-0.184,6,11,111.22
Ethereum,2718.9,2889.84,2676.18,,47.59,49.55,19.26,0.492,4,26,2755.69
Bitcoin,43681.12,46346.16,41252.71,47.33,818.5,44.48,276.97,-0.008,0,23,42850.69
Bitcoin,36145.24,36265.12,34163.9,3.77,772.25,36.39,450.96,0.604,5,2,36978.55
Solana,92.91,97.12,88.1,41.1,1.75,70.98,-167.58,0.817,4,1,95.54
BNB,322.36,340.99,308.21,45.66,6.51,35.84,368.28,-0.767,0,9,313.97
Ethereum,2591.92,2750.09,2459.73,18.74,50.15,76.11,-29.45,-0.972,6,6,2513.65
Bitcoin,37735.91,39712.74,35667.68,37.46,653.76,42.59,-482.64,-0.723,6,13,37709.53
BNB,325.61,329.9,303.26,0.67,6.38,78.74,-419.67,-0.94,1,12,313.65
Bitcoin,38754.58,41812.17,38194.67,,798.45,33.84,-343.11,-0.91,4,24,36938.06
BNB,326.74,345.84,321.05,30.69,5.27,41.42,-75.58,0.494,6,23,335.73
BNB,308.92,317.49,285.32,44.72,5.45,22.61,433.32,0.358,1,13,
BNB,13533.5,286.37,267.34,13.17,6.06,35.79,-464.24,-0.79,6,13,257.99
XRP,0.48,0.5,0.44,1.39,0.01,67.06,96.81,0.732,6,12,1.16
etherum,0.43,0.46,0.4,48.69,0.01,41.43,12.38,-0.473,3,18,0.83
BNB,290.14,312.16,279.31,11.01,5.46,57.91,-409.32,0.845,5,15,302.4
XRP,0.49,0.5,0.49,29.07,0.01,71.92,192.39,0.84,1,16,1.21
Solana,85.18,88.99,84.63,45.17,1.96,56.57,292.37,-0.201,6,11,83.8
XRP,0.46,0.46,0.42,,0.01,70.19,214.57,-0.997,,19,1.15
XRP,,0.56,0.52,17.8,0.01,39.88,291.01,-0.52,3,22,0.95
Bitcoin,36757.74,38878.84,33980.04,26.96,783.09,52.57,438.85,-0.623,0,18,34979.93
Ethereum,2144.44,2172.82,1987.69,,42.73,33.43,-407.73,0.184,2,17,2148.46
ETH,2492.96,2682.38,2346.8,37.44,44.53,40.21,169.1,-0.053,6,30,2399.52
Bitcoin,35531.92,35954.29,33369.74,5.63,795.56,34.36,-292.52,-0.786,3,10,35198.75
Ethereum,2197.32,2283.58,2058.85,42.64,47.22,35.13,-219.23,-0.769,3,1,2110.8
Ethereum,2345.06,2345.08,2215.5,32.07,44.98,102.15,-85.13,-0.522,4,1,2319.6
Bitcoin,,44078.44,39055.11,32.52,792.09,,59.29,-0.896,3,6,40879.47
BNB,16971.5,365.69,325.73,26.46,5.62,79.35,172.3,-0.249,4,10,330.34
BNB,326.56,348.68,306.83,38.35,5.99,36.39,-411.79,0.739,2,0,333.04
XRP,0.51,0.53,0.48,41.77,0.01,21.09,348.17,,5,24,71.0
Bitcoin,38411.74,38741.68,38295.36,18.08,843.99,30.65,-438.55,-0.698,5,16,37583.71
Solana,,92.95,80.83,48.88,1.79,22.83,-122.22,0.31,0,30,89.2
Ethereum,2145.99,2301.29,2001.52,7.96,46.4,38.17,112.37,-0.383,3,18,2059.1
Ethereum,2831.03,2832.76,2812.03,46.23,44.97,20.48,-43.32,0.657,4,27,2932.45
Ethereum,2457.16,2642.78,2299.77,,44.36,33.43,395.82,-0.277,3,0,2400.98
Ethereum,2581.92,2586.14,2537.43,12.88,47.85,53.87,209.66,-0.027,0,7,2543.94
XRP,0.55,0.58,0.55,46.77,0.01,161.88,-123.8,0.42,3,11,1.06
BNB,283.27,289.42,277.71,8.05,5.95,,21.87,0.597,,4,288.46
BITCOIN,105.03,108.28,104.1,35.41,1.82,61.64,310.86,-0.424,5,4,102.54
Bitcoin,41457.19,43835.45,39221.91,20.36,724.14,55.51,76.69,-0.737,6,15,40284.8
Bitcoin,37398.75,39196.73,34455.55,47.9,757.7,25.14,-426.62,,5,27,36885.71
Bitcoin,40169.35,40233.97,39697.98,11.21,804.19,,148.47,-0.523,3,17,38664.36
Ethereum,2350.28,2458.41,2345.91,39.69,46.96,65.58,145.76,0.417,3,15,2371.13
BNB,304.41,305.91,290.73,31.49,5.44,,127.26,,0,14,319.87
Bitcoin,38983.37,40088.89,36565.16,47.34,688.86,,155.78,0.389,0,0,39461.28
BNB,260.39,262.47,241.02,49.79,5.87,45.35,227.13,,2,29,252.51
Bitcoin,43754.32,46592.02,43428.55,44.74,759.6,41.05,-39.76,-0.109,,0,43322.22
BNB,280.69,299.22,278.28,22.72,5.75,51.78,-328.22,-0.538,3,7,273.73
Ethereum,2809.1,2892.1,2751.13,1.72,41.09,62.63,435.07,,3,3,2684.45
BNB,291.99,304.26,288.75,47.99,5.85,29.06,93.68,0.363,1,3,305.94
Ethereum,2792.22,2951.1,2611.3,6.43,47.69,70.6,-88.74,-0.505,0,19,2665.37
Solana,92.55,99.14,88.46,32.94,1.9,,-289.63,-0.317,6,29,91.48
XRP,0.44,0.45,0.44,,0.01,26.66,401.74,-0.721,4,6,0.69
Ethereum,2489.76,2499.11,2435.37,8.59,45.19,42.65,3.58,-0.954,4,24,2480.84
Ethereum,2789.74,3005.47,2654.78,1.61,43.32,37.82,35.19,-0.987,4,10,2742.04
Bitcoin,,37660.93,33661.79,43.19,820.87,26.14,-91.34,0.631,5,0,37314.26
Ethereum,2776.9,2945.8,2722.35,24.75,50.42,25.42,-144.94,-0.896,3,16,2647.26
etherum,96.63,97.69,92.61,30.31,2.02,31.78,-388.79,0.952,1,14,98.04
BNB,,2422.14,2340.73,16.19,47.46,,326.69,0.957,2,17,2486.64
XRP,0.44,0.46,0.42,16.82,0.01,112.86,-199.46,-0.411,2,0,1.0
BNB,343.17,367.99,322.27,,6.06,43.04,-332.01,-0.589,0,26,332.69
Bitcoin,39005.45,41489.65,36664.61,28.75,777.46,46.49,495.21,,3,6,38348.09
Solana,106.18,113.32,101.41,6.77,2.07,51.65,-476.88,0.986,0,10,110.87
BNB,314.11,321.48,296.48,12.95,5.34,55.05,-469.83,-0.855,2,5,309.9
Solana,98.56,105.45,94.15,33.03,1.77,28.93,117.27,-0.293,4,20,95.45
Solana,102.23,108.32,96.03,38.27,1.75,75.42,-326.61,0.03,1,15,107.61
Solana,92.43,95.71,90.66,,1.73,21.79,57.13,0.942,3,17,95.1
Solana,93.55,99.15,89.27,16.8,1.69,64.51,196.7,0.685,5,11,98.15
Ethereum,2822.57,2970.94,2772.04,25.23,43.31,65.62,-143.17,0.471,0,5,2902.67
Bitcoin,36224.52,37355.23,34770.81,17.64,827.09,32.85,351.31,0.886,3,3,36993.93
Solana,91.13,91.81,86.68,31.54,1.9,33.23,58.86,0.062,,14,94.78
Etherium,42572.78,43540.51,41351.1,6.68,786.21,63.45,249.93,0.469,3,30,43347.57
Solana,98.32,100.68,94.11,12.96,2.12,46.68,216.32,-0.491,,21,95.89
BNB,322.34,345.08,314.0,44.18,5.22,101.4,443.38,0.722,4,12,331.19
Solana,93.56,98.77,91.27,27.83,1.98,34.6,-164.95,0.464,6,18,96.21
Bitcoin,41320.26,43269.9,40800.64,43.26,797.98,41.77,99.08,-0.924,0,4,39542.09
BNB,,299.47,282.36,3.04,5.64,31.78,-30.12,-0.861,2,4,289.18
Bitcoin,42556.2,45055.69,41393.87,48.89,734.94,28.95,386.87,0.61,6,14,44496.01
Bitcoin,43591.11,46659.48,43026.5,35.64,735.45,48.13,-481.53,0.505,2,24,44733.16
XRP,,0.58,0.52,22.99,0.01,42.56,405.11,-0.993,1,0,0.95
Solana,,114.24,103.13,38.84,1.95,34.84,150.46,-0.024,1,28,104.97
Ethereum,2618.13,2700.62,2410.32,28.05,52.35,44.24,126.79,0.496,3,26,2723.26
Ethereum,2827.13,3017.03,2814.69,49.33,47.4,31.78,-41.11,-0.599,5,5,2809.47
BNB,315.47,322.12,292.29,20.86,5.24,54.38,-147.64,0.434,,17,327.39
Bitcoin,43657.48,44685.1,41544.8,3.75,747.65,27.32,-163.77,-0.332,5,14,42410.84
BNB,321.94,342.62,306.24,26.75,5.84,72.49,442.3,-0.35,,20,315.41
XRP,0.53,0.55,0.5,1.03,0.01,41.08,-286.93,0.859,2,21,0.95
BNB,298.61,314.95,298.01,16.45,5.55,20.41,-269.53,-0.605,2,2,287.67
Bitcoin,40305.82,41634.22,39390.66,0.51,667.46,21.65,155.21,-0.045,6,5,38404.07
Ethereum,2366.7,2396.82,2248.86,46.2,49.79,52.79,306.03,-0.707,2,25,2294.01
Ethereum,2691.36,2822.91,2563.49,31.71,44.93,77.57,389.29,,6,18,2749.1
XRP,24.0,0.51,0.48,1.21,0.01,26.06,210.42,0.419,0,15,0.76
BNB,270.98,281.56,263.31,44.68,5.42,79.81,245.13,-0.892,4,25,269.05
Bitcoin,41946.24,44417.05,41761.37,47.03,732.11,60.97,472.97,-0.298,3,21,40280.05
BNB,280.44,290.9,263.01,36.36,6.31,33.32,268.65,0.207,4,24,289.16
Solana,88.66,94.87,86.78,15.56,2.11,29.03,43.08,-0.621,4,10,87.32
Solana,85.64,88.86,85.01,20.37,2.1,25.79,-448.82,0.73,0,9,
BNB,296.59,299.24,281.74,9.45,5.71,53.56,394.01,0.183,6,22,305.87
Bitcoin,34136.14,35925.41,33291.7,45.14,669.74,,262.73,-0.419,2,26,32657.17
Solana,100.63,105.58,95.73,25.7,1.83,22.09,-441.69,0.912,6,10,103.38
Solana,4928.0,105.95,92.2,32.77,2.01,39.61,-323.88,-0.195,3,20,95.38
BNB,,286.08,262.66,21.34,6.05,64.28,443.73,-0.469,3,7,271.8
Solana,90.6,97.09,83.36,21.25,2.09,22.93,-201.96,0.788,4,19,94.46
XRP,0.54,0.57,0.5,,0.01,33.24,-56.52,-0.151,,24,0.86
Solana,86.93,90.18,82.25,33.1,1.89,55.75,416.44,0.23,5,22,87.9
XRP,0.57,0.6,0.56,7.17,0.01,,-10.16,-0.79,2,12,1.02
Solana,86.55,90.86,85.45,23.62,2.12,,-369.82,-0.047,1,28,82.72
XRP,28.499999999999996,0.6,0.53,24.91,0.01,41.28,353.72,-0.543,,13,0.97
Ethereum,2339.29,2455.64,2217.48,29.46,51.23,37.17,-44.88,-0.427,0,22,2257.89
BNB,292.23,313.87,289.06,24.21,5.01,32.21,-133.53,0.011,1,0,294.62
ETH,86.48,88.42,79.66,,1.99,34.81,-315.9,,,20,82.76
Bitcoin,42480.38,44495.68,39482.06,27.41,722.66,70.6,326.82,-0.738,4,28,42013.41
Solana,95.32,98.05,93.46,11.39,1.79,65.89,-364.29,-0.627,6,3,94.0
Solana,110.35,111.78,101.98,29.92,2.12,41.59,79.72,0.78,6,15,113.05
XRP,0.47,0.48,0.45,25.33,0.01,74.68,-211.97,0.38,0,9,1.24
Bitcoin,44696.1,47270.74,42972.59,25.42,716.23,35.19,464.69,0.086,1,24,45171.38
XRP,0.48,0.49,0.44,31.54,0.01,75.75,-385.1,-0.873,0,10,1.24
Solana,105.9,110.88,101.88,23.59,1.96,28.04,188.2,,4,10,104.67
Bitcoin,45290.67,46685.75,44599.41,34.86,732.47,78.13,341.02,0.174,,5,47215.16
XRP,0.54,0.57,0.5,43.77,0.01,146.04,325.61,0.682,4,0,1.33
XRP,0.44,0.46,0.41,20.75,0.01,78.54,423.92,-0.469,5,7,1.22
XRP,0.54,0.57,0.5,34.88,0.01,65.72,493.37,-0.091,1,1,1.18
Ethereum,2458.12,2476.45,2305.26,33.36,43.81,53.11,-359.99,-0.56,0,16,2424.19
Solana,102.61,106.24,97.8,28.93,1.85,44.49,-147.95,-0.172,2,4,100.45
Solana,112.79,115.55,110.07,44.84,1.95,47.39,7.07,-0.768,3,23,112.18
BNB,,308.89,299.61,24.53,5.94,66.48,476.1,-0.706,1,28,288.14
XRP,,0.51,0.48,10.4,0.01,59.1,-255.65,-0.378,5,15,1.08
Bitcoin,42103.36,45187.05,39200.27,14.77,683.03,29.2,-96.28,-0.039,0,10,41944.95
BNB,,323.85,298.26,39.73,5.49,36.89,106.58,-0.044,6,0,309.2
Ethereum,2699.2,2783.92,2654.1,6.41,41.49,64.65,-89.93,-0.394,6,19,2630.25
BNB,298.16,320.17,278.42,36.96,5.51,47.87,473.66,0.26,1,8,306.0
ETH,41661.68,44671.12,38476.78,39.5,715.71,56.13,-285.14,-0.254,6,17,40795.71
Ethereum,2566.12,2696.52,2533.08,37.16,46.2,,109.4,,6,10,2538.01
Solana,103.83,109.06,98.22,36.89,1.8,30.76,-51.45,,5,25,104.55
Solana,103.32,111.46,97.31,40.16,1.79,58.24,334.06,0.926,,24,105.57
bitcoin,102.45,106.13,99.17,16.13,1.98,49.42,-389.62,0.093,3,25,104.66
Ethereum,2639.56,2836.0,2476.89,34.29,42.46,79.39,-327.85,0.802,3,11,2759.72
BNB,273.42,280.11,264.23,39.27,5.81,31.05,-186.96,-0.765,,22,270.82
BNB,322.67,332.98,306.47,23.95,5.56,35.1,472.66,-0.906,2,4,322.89
Solana,97.27,102.15,91.32,16.17,2.0,52.61,125.91,0.978,1,26,98.7
XRP,0.52,0.53,0.49,11.66,0.01,31.7,152.34,-0.85,5,14,0.81
Ethereum,,2751.29,2502.02,37.79,41.93,27.11,475.71,0.31,3,5,2697.96
Bitcoin,40533.56,42299.06,37684.23,29.18,710.64,55.14,304.5,0.291,6,29,40946.52
Ethereum,2438.44,2511.15,2289.3,26.48,44.85,56.48,88.82,-0.13,3,12,2350.5
BNB,308.7,327.76,300.96,34.39,6.23,57.23,332.44,,0,25,298.14
Ethereum,2719.58,2896.2,2681.0,42.37,45.49,59.68,335.59,-0.693,3,21,2609.75
XRP,0.54,0.57,0.53,45.19,0.01,69.05,-41.23,-0.575,0,6,1.23
Solana,106.57,113.01,103.79,13.72,2.14,47.01,439.06,0.032,4,21,109.24
Ethereum,2803.45,2827.29,2736.89,9.52,45.99,27.29,42.0,-0.533,4,8,2753.54
etherum,0.47,0.49,0.47,22.23,0.01,27.06,-187.8,0.884,5,28,
BNB,343.8,367.99,318.51,21.77,5.65,52.12,308.67,-0.312,1,19,330.02
Ethereum,,2337.43,2251.75,35.83,53.08,,-72.59,-0.094,0,30,2177.4
XRP,0.56,0.56,0.52,35.97,0.01,47.48,-104.38,0.286,6,26,1.05
Ethereum,,2619.33,2351.13,31.21,41.88,37.4,-183.47,0.96,,6,2485.73
Solana,89.36,92.52,86.44,5.31,1.79,23.41,201.13,-0.256,5,27,89.28
Bitcoin,42883.21,44445.98,39932.29,33.47,783.16,65.37,-189.64,0.52,0,3,4456122.0
Solana,91.31,95.58,85.95,42.23,1.89,51.47,-308.92,0.971,4,13,94.75
etherum,261.07,269.71,253.73,14.57,5.87,45.1,361.58,0.6,0,4,269.69
Ethereum,2860.5,2954.23,2635.65,39.3,43.48,,-425.57,0.339,4,21,2913.37
XRP,24.0,0.49,0.47,26.67,0.01,27.31,-281.67,-0.606,3,11,0.74
Etherium,108.63,109.63,101.97,35.43,1.83,42.84,-493.09,0.079,5,27,109.06
XRP,,0.46,0.43,28.6,0.01,59.29,-450.69,-0.834,5,27,1.03
Solana,110.83,118.55,103.87,13.63,1.69,60.99,254.13,-0.626,3,12,110.55
Ethereum,2728.07,2937.92,2727.06,37.08,51.18,42.65,165.09,0.495,3,24,2750.42
BNB,322.76,334.97,314.15,45.41,5.57,29.31,192.72,-0.277,1,22,314.23
BITCOIN,2305.98,2316.04,2266.03,44.61,47.8,27.04,202.97,0.273,6,13,2402.85
XRP,0.49,0.5,0.46,48.38,0.01,23.19,123.24,0.314,5,23,0.73
BNB,313.35,318.31,304.45,42.85,5.61,39.54,-220.59,-0.644,4,30,312.13
Bitcoin,,36247.53,32543.81,8.27,758.41,21.23,36.47,-0.107,4,24,33253.92
Bitcoin,35990.48,36392.97,35090.4,46.42,781.95,42.85,-431.15,-0.406,3,28,35304.82
BNB,295.76,319.35,283.38,29.16,5.63,42.4,-70.37,0.824,,13,308.1
XRP,0.57,0.57,0.54,26.4,0.01,,-481.4,0.304,2,17,1.19
XRP,0.44,0.47,0.42,37.75,0.01,35.1,-112.6,-0.644,4,28,0.78
Solana,87.71,93.3,81.31,27.81,1.76,59.6,-146.42,0.143,4,18,88.57
Ethereum,2493.14,2511.1,2324.96,30.74,52.89,50.75,-124.68,-0.362,0,0,2428.33
XRP,0.54,0.54,0.53,14.75,0.01,,383.79,-0.742,0,5,0.91
Bitcoin,44468.29,48006.77,42688.11,,674.01,75.74,302.27,0.334,4,14,45502.8
XRP,0.52,0.54,0.51,16.87,0.01,72.55,-231.02,0.28,5,7,
Bitcoin,37260.3,38319.8,35621.69,42.45,788.85,78.16,496.02,0.5,5,2,37931.72
Bitcoin,42677.9,44347.8,40279.6,47.38,677.75,49.9,-362.51,0.73,0,1,44531.57
Bitcoin,42003.79,44446.82,40487.64,28.51,764.15,68.18,92.65,-0.66,,18,40192.46
Solana,96.81,104.16,95.55,,2.09,66.29,273.2,0.62,6,7,97.92
Bitcoin,43213.25,46480.26,42641.03,28.99,762.64,73.47,-115.41,0.83,3,19,44587.6
Bitcoin,39179.99,42121.78,37494.4,45.93,682.57,26.47,-461.33,-0.586,6,6,38684.92
Solana,103.72,104.24,100.4,8.08,2.01,44.53,238.89,0.851,1,25,106.77
Ethereum,2867.52,2963.03,2781.28,14.95,47.84,70.68,-304.39,-0.466,4,15,2838.47
BNB,,299.47,282.36,3.04,5.64,31.78,-30.12,-0.861,2,4,289.18
Ethereum,2648.6,2796.14,2464.93,39.76,45.72,50.19,48.25,0.968,5,14,2733.32
Bitcoin,42548.11,43689.47,40635.92,11.87,818.03,23.1,118.77,-0.079,3,15,41333.7
XRP,0.54,0.55,0.52,7.5,0.01,55.88,-158.76,-0.89,2,21,1.1
Solana,97.51,98.21,91.87,19.15,1.92,68.27,-68.47,,1,25,97.5
XRP,0.45,0.47,0.42,25.32,0.01,67.56,-338.66,-0.541,4,4,1.12
Solana,92.76,97.98,88.05,29.19,1.83,49.46,-486.86,0.136,6,22,97.07
BNB,262.68,276.56,253.78,2.24,6.41,43.58,207.98,-0.175,6,15,252.18
BNB,310.1,330.84,296.98,33.97,4.98,,-126.18,0.82,,30,310.59
XRP,0.47,0.5,0.45,12.02,0.01,150.26,-7.86,0.468,4,20,0.96
Bitcoin,38558.84,40036.27,36415.86,43.11,756.27,34.75,300.1,-0.825,1,1,3818519.9999999995
XRP,0.46,0.49,0.45,49.97,0.01,48.22,61.02,,,5,0.96
BNB,17064.5,346.89,330.86,6.63,5.96,68.95,240.6,-0.628,3,20,341.06
XRP,0.44,0.47,0.41,23.1,0.01,36.66,-23.45,-0.922,2,3,0.79
Ethereum,2620.56,2637.39,2464.29,5.12,49.18,52.76,407.48,-0.307,0,15,2572.61
BNB,318.02,327.0,302.94,40.47,5.32,54.72,-390.79,0.308,2,21,330.9
Ethereum,2328.88,2375.57,2309.16,13.11,41.78,76.11,259.24,0.352,4,11,
bitcoin,,353.68,318.92,,5.97,36.83,-302.32,-0.964,4,0,330.94
Bitcoin,43563.38,45585.63,40194.66,1.01,761.81,63.2,227.26,0.496,1,27,45188.67
Solana,99.81,101.38,92.64,44.18,1.85,35.96,-167.63,0.263,5,20,103.28
Ethereum,2566.06,2707.14,2440.15,10.88,41.35,60.67,442.65,,5,13,2493.5
XRP,,0.46,0.42,4.52,0.01,76.59,-272.1,-0.372,,28,1.21
XRP,0.57,0.6,0.53,10.58,0.01,42.02,-301.31,0.622,3,2,0.99
BNB,283.92,290.48,269.27,26.47,5.9,22.3,-420.37,-0.661,1,6,282.87
BNB,307.44,310.35,286.1,41.96,5.34,21.43,-336.76,0.41,5,8,321.52
XRP,0.45,0.45,0.43,13.76,0.01,62.22,120.96,-0.079,0,11,1.07
Bitcoin,,47526.06,44127.76,1.33,724.73,78.43,50.11,0.068,2,9,46228.22
BNB,278.53,296.14,269.59,10.28,5.03,66.75,143.85,,3,18,281.51
BNB,322.33,328.89,316.14,17.65,5.67,56.93,242.0,0.338,1,1,327.43
Solana,91.1,97.45,90.62,4.66,1.72,73.36,-235.02,0.983,2,15,94.76
BNB,295.04,314.16,286.72,,5.28,76.23,-167.87,-0.958,2,3,291.88
BNB,297.37,310.51,280.84,6.26,6.0,64.71,-127.34,-0.009,4,10,289.1
XRP,0.51,0.55,0.49,46.57,0.01,77.5,-342.15,,,11,1.26
ETH,96.19,102.09,88.78,23.34,1.84,26.05,-422.17,-0.304,5,0,93.28
BNB,269.97,273.73,269.36,3.2,5.52,43.26,-223.67,0.521,3,26,
Bitcoin,39269.0,40205.3,39196.69,11.98,726.95,46.47,28.72,-0.3,3,25,38681.53
Ethereum,2350.06,2411.12,2179.6,31.86,45.14,30.75,360.08,0.335,6,24,2358.66
Ethereum,2373.3,2437.43,2355.88,26.3,50.7,33.38,78.85,-0.1,3,20,2369.04
Solana,100.25,100.87,92.73,37.95,1.7,46.32,-170.26,-0.106,6,14,97.57
XRP,0.45,0.48,0.42,49.59,0.01,48.25,91.3,-0.471,6,25,0.93
BNB,316.14,330.64,291.76,40.72,5.95,69.44,372.92,0.429,5,20,323.92
Solana,100.37,102.63,98.28,44.3,2.08,50.63,-363.77,-0.489,3,22,99.42
Ethereum,2626.71,2679.84,2550.92,18.2,51.27,30.57,478.75,0.988,6,8,2659.22
XRP,0.45,0.46,0.44,10.22,0.01,65.12,-81.17,0.589,5,7,1.11
Solana,114.76,122.54,108.83,20.81,1.77,79.55,351.23,-0.815,3,20,109.94
Bitcoin,44711.2,47105.94,43167.81,40.83,813.83,35.08,44.09,,5,0,43173.87
Solana,97.6,104.81,93.56,18.49,1.97,64.05,-35.34,0.391,3,0,99.69
XRP,0.51,0.53,0.48,34.31,0.01,36.1,488.98,-0.951,1,18,87.0
Ethereum,135866.5,2919.3,2523.38,22.66,47.87,44.65,-271.73,0.951,6,1,2735.27
Ethereum,2373.9,2452.45,2245.48,19.52,45.49,77.39,262.2,-0.465,4,15,2312.34
BNB,298.77,321.61,295.46,32.87,5.72,55.73,308.94,0.632,,14,307.21
BNB,13490.5,287.11,255.04,4.98,6.32,70.85,-39.65,-0.931,4,21,26376.0
Bitcoin,45916.56,46646.53,45754.36,34.08,741.47,26.72,15.95,-0.117,6,27,44708.47
Ethereum,2417.46,2501.5,2314.78,36.13,43.09,33.11,-227.41,0.345,0,10,2418.33
XRP,,0.47,0.42,35.83,0.01,68.06,397.05,0.634,1,3,1.14
Bitcoin,2111761.0,42293.4,40347.96,11.95,745.34,44.29,-352.28,0.034,2,9,43050.4
Solana,90.57,94.28,84.14,20.14,1.9,128.55,-84.34,-0.042,6,8,89.54
XRP,0.5,0.53,0.46,46.59,0.01,55.52,5.28,0.175,6,19,1.08
BNB,333.82,352.81,311.9,47.26,6.1,56.83,84.31,-0.569,5,28,
BNB,319.13,321.22,296.23,29.33,5.44,54.59,-136.76,-0.393,5,24,314.86
BNB,316.14,339.31,310.08,13.84,5.72,37.25,-170.11,-0.727,2,23,
Ethereum,2792.9,2903.3,2575.41,37.59,43.29,,303.2,0.974,3,25,2908.98
Bitcoin,40518.77,41144.25,38952.34,10.93,769.32,71.46,290.52,,4,20,41090.88
Ethereum,2723.03,2800.76,2536.5,42.77,47.75,42.47,393.77,-0.299,,20,2667.64
Ethereum,2287.52,2288.69,2172.47,38.36,51.58,24.83,-235.17,0.285,2,8,2394.68
Bitcoin,,40007.45,38157.87,30.08,873.25,35.52,-253.15,0.873,4,0,39703.92
BNB,,311.53,281.72,44.51,5.29,56.0,-467.14,0.912,0,5,301.36
Solana,100.67,100.86,98.41,32.1,1.9,45.24,-331.21,0.419,0,17,102.69
XRP,0.45,0.46,0.42,,0.01,77.66,-255.17,0.389,5,23,1.24
BNB,314.63,331.03,306.23,39.64,5.73,50.14,61.62,-0.996,2,10,314.08
Ethereum,2711.98,2871.52,2542.32,17.74,46.64,70.85,72.82,,2,10,2784.83
BNB,,288.91,260.18,32.7,5.61,,-452.63,-0.497,6,14,258.6
Ethereum,,2856.33,2676.86,47.48,50.42,72.55,-328.61,0.036,2,0,2871.9
Solana,93.68,94.63,87.62,46.46,2.0,78.04,46.16,-0.132,1,29,90.09
bnb,104.58,108.07,100.78,,1.95,60.87,244.58,-0.052,,24,103.17
XRP,0.57,0.57,0.55,19.72,0.01,38.62,466.92,-0.938,6,10,0.94
BNB,304.4,305.28,303.48,30.61,5.29,74.71,-397.29,0.795,4,22,313.65
Etherium,0.49,0.5,0.47,19.49,0.01,60.9,-257.43,-0.863,5,13,1.1
Solana,,94.45,91.76,7.74,2.02,25.78,-424.48,-0.513,4,21,93.57
Bitcoin,44948.45,47389.22,41885.87,12.47,793.87,,319.59,,0,8,43844.67
BNB,272.23,273.77,269.36,12.12,5.14,33.58,-426.33,0.671,0,29,279.82
Bitcoin,42325.71,43142.85,42140.57,25.19,805.15,52.66,-252.25,,4,1,41648.03
BNB,343.3,369.05,330.29,13.38,5.42,43.42,407.82,0.76,6,14,354.25
Bitcoin,35731.05,36715.37,33830.01,41.72,724.32,71.5,-177.67,-0.333,0,7,35400.08
XRP,,0.54,0.47,,0.01,31.0,55.89,0.784,6,2,
Ethereum,2281.12,2368.4,2107.04,26.43,45.81,169.97,324.83,0.159,1,6,2389.77
Bitcoin,44453.14,47437.82,42680.1,4.98,785.21,71.81,253.74,0.747,5,23,45512.77
BNB,320.31,321.01,300.19,49.66,5.5,57.64,113.44,0.939,3,0,330.56
Solana,103.83,109.32,98.7,,2.01,29.62,-21.37,0.048,0,15,109.05
Ethereum,2165.89,2235.69,2071.42,3.55,48.27,171.59,-101.98,-0.696,6,27,2099.18
BNB,,360.91,335.65,27.9,5.79,35.11,-134.48,0.108,4,5,351.39
XRP,,0.5,0.45,8.85,0.01,45.19,490.69,-0.913,,17,
BNB,335.12,345.53,333.6,22.5,5.22,56.86,409.49,0.83,4,15,349.32
BNB,319.42,339.99,313.02,7.57,5.05,79.93,-38.73,0.85,1,0,327.33
Solana,106.68,109.9,103.46,14.36,1.95,37.55,16.35,-0.803,3,6,103.32
Ethereum,2709.97,2799.72,2499.53,32.68,52.96,37.17,282.05,-0.456,6,26,2644.22
Ethereum,2613.81,2657.3,2534.77,3.38,44.04,54.26,-222.24,-0.933,3,11,2562.28
BNB,333.75,338.25,308.31,32.86,5.92,33.59,-128.34,-0.326,2,28,319.35
Ethereum,,2570.94,2382.74,43.92,43.62,58.62,-108.57,0.251,3,8,2589.77
Solana,90.08,94.7,83.73,,1.77,24.94,-164.48,-0.337,3,19,87.34
XRP,0.52,0.52,0.49,29.27,0.01,64.52,400.12,0.223,4,6,1.18
Ethereum,2813.66,2886.12,2800.9,26.18,53.1,53.11,-398.88,-0.751,4,0,2720.25
bitcoin,,0.56,0.5,24.57,0.01,58.75,-364.26,-0.897,0,2,1.09
BNB,299.64,312.16,284.03,,5.67,43.32,-393.78,,1,28,306.28
XRP,0.47,0.48,0.46,13.0,0.01,57.46,364.3,0.283,3,5,1.06
bitcoin,286.31,301.51,272.61,18.6,5.89,28.74,490.52,,5,2,
Bitcoin,39333.68,40737.31,36793.72,5.3,797.72,59.25,-232.34,0.566,0,18,40723.7
BNB,319.14,321.41,299.78,17.78,5.54,57.06,473.38,-0.505,1,25,306.29
Solana,101.68,105.93,93.57,35.27,1.93,,185.15,-0.028,0,11,101.48
BNB,255.18,268.15,244.47,46.46,5.78,77.78,-342.19,-0.246,6,1,255.36
XRP,0.53,0.56,0.52,3.29,0.01,,-174.41,0.025,5,1,0.83
BNB,,350.37,326.27,,5.46,70.41,414.77,0.272,2,28,331.37
Solana,105.8,109.16,102.22,9.88,1.82,44.73,-346.16,0.812,6,5,110.59
Solana,91.46,98.17,87.21,,2.11,36.42,294.57,-0.437,6,18,
Ethereum,2438.44,2511.15,2289.3,26.48,44.85,56.48,88.82,-0.13,3,12,2350.5
BNB,293.52,301.49,286.08,29.21,6.09,72.2,107.22,-0.642,,1,282.03
Ethereum,2358.33,2457.66,2294.89,15.64,51.14,56.59,482.76,0.138,5,10,
BNB,276.93,299.0,269.21,41.92,5.45,68.74,-495.57,0.576,1,6,277.78
Solana,107.74,115.79,99.31,28.72,1.89,47.52,-445.04,-0.54,0,10,103.28
Solana,108.78,113.26,101.31,,1.88,79.62,45.24,0.512,6,9,110.62
Bitcoin,2107525.5,43436.46,41619.94,20.36,823.37,71.81,451.11,-0.153,0,2,40358.03
XRP,0.5,0.53,0.5,35.56,0.01,78.28,200.8,0.791,,15,1.3
XRP,0.56,0.58,0.56,23.92,0.01,44.07,385.4,0.295,5,4,1.02
XRP,0.47,0.48,0.46,8.56,0.01,141.66,317.13,0.649,5,1,0.75
Ethereum,2449.26,2545.54,2278.85,10.42,49.43,49.4,-93.96,,0,1,2438.25
Solana,92.56,95.98,89.07,10.95,2.0,46.44,-329.6,-0.187,2,28,90.47
XRP,0.43,0.45,0.41,31.93,0.01,32.14,434.55,0.606,3,3,0.76
BNB,265.6,279.75,245.46,33.12,5.77,36.5,436.99,0.064,6,1,277.71
XRP,0.49,0.53,0.45,12.59,0.01,68.67,-60.62,0.673,5,20,1.18
BNB,,305.98,280.86,24.16,5.81,58.97,148.32,-0.44,2,17,289.03
Bitcoin,42255.07,45007.99,41424.6,35.88,792.27,37.02,-38.05,0.949,2,8,42641.75
BNB,41625.43,44779.68,40784.85,41.16,690.57,27.59,154.85,0.154,1,27,42573.61
BNB,326.35,344.33,325.53,27.21,6.25,64.65,286.38,0.89,2,4,335.17
XRP,0.47,0.49,0.45,18.04,0.01,,-332.21,-0.236,6,22,
BNB,328.93,333.42,310.22,38.4,6.3,29.35,-69.82,-0.459,5,23,325.52
Ethereum,2716.52,2790.62,2533.45,,45.64,45.8,60.18,0.295,2,10,2726.44
XRP,,0.56,0.53,,0.01,63.06,-233.85,0.669,4,29,1.21
BNB,339.39,348.54,313.99,15.18,5.7,77.43,460.94,-0.901,5,19,324.93
Ethereum,2737.84,2949.38,2661.15,14.72,44.71,42.82,-451.6,0.082,0,27,2748.71
Bitcoin,40294.11,40850.55,38810.95,45.41,715.68,57.51,-201.94,-0.227,5,21,39239.28
Bitcoin,,43951.51,41281.75,2.73,714.22,40.14,-199.13,0.898,4,18,42748.42
Ethereum,2486.9,2580.39,2295.62,24.93,51.45,73.56,99.85,-0.432,6,9,2416.86
Solana,102.62,103.1,98.33,,1.8,74.84,-377.47,0.483,0,13,103.78
Solana,,94.16,90.0,39.97,2.01,,196.28,-0.829,3,29,92.14
Ethereum,2358.62,2533.05,2204.94,49.37,44.52,46.57,-473.72,0.331,5,18,2385.09
Solana,112.11,116.21,108.97,4.41,1.92,34.12,320.62,0.451,5,18,
Ethereum,2314.99,2361.55,2292.36,21.81,44.3,26.01,456.41,0.199,5,12,2325.31
XRP,0.5,0.54,0.48,17.41,0.01,75.41,-218.2,0.683,3,30,1.26
Bitcoin,37251.8,38162.01,34285.89,,747.01,42.18,-454.86,-0.523,6,3,37157.39
Ethereum,2845.21,2998.08,2700.48,,44.55,33.67,385.97,0.995,2,28,2938.24
Bitcoin,1777827.0,37671.76,32838.52,19.33,832.58,43.27,330.42,-0.452,1,8,34348.54
Etherium,104.28,104.77,100.13,38.26,1.95,,-497.81,-0.249,2,3,101.48
Solana,95.95,99.53,91.49,26.63,1.95,40.19,-161.55,-0.918,0,29,93.89
BNB,294.81,308.84,288.69,46.71,5.64,70.49,-339.16,-0.066,2,27,287.74
XRP,0.44,0.47,0.43,21.77,0.01,73.52,58.04,0.52,3,18,1.19
Ethereum,2641.25,2722.96,2548.94,31.76,45.97,41.87,390.09,0.68,0,17,2671.28
Ethereum,,2589.29,2298.45,7.72,45.62,63.52,218.72,-0.499,1,26,2385.02
Ethereum,2858.64,3048.5,2780.35,39.49,48.22,53.67,12.53,0.73,5,3,2862.95
XRP,0.48,0.51,0.45,,0.01,61.75,-194.15,0.764,4,17,1.11
XRP,,0.51,0.48,33.61,0.01,63.83,313.98,-0.919,6,0,1.12
XRP,0.45,0.46,0.44,3.6,0.01,41.63,381.68,-0.72,6,12,0.85
Ethereum,2577.29,2586.26,2526.91,3.49,51.28,79.17,-277.45,0.685,5,8,2638.48
BNB,274.18,278.85,270.53,24.31,5.57,70.49,374.75,-0.805,2,18,272.53
Ethereum,2670.59,2708.32,2658.58,47.26,47.23,46.99,-295.8,0.642,0,18,2786.16
BNB,290.04,296.7,271.24,15.23,6.13,61.6,-415.96,-0.388,5,30,
XRP,0.57,0.6,0.55,,0.01,20.56,373.35,0.522,1,22,0.79
XRP,0.45,0.46,0.44,15.77,0.01,67.75,313.1,0.281,3,2,1.14
XRP,0.54,0.58,0.5,11.81,0.01,75.42,-226.22,-0.538,5,7,1.28
Solana,91.6,96.26,85.16,40.36,1.82,41.33,90.88,0.735,3,29,93.41
Ethereum,2189.33,2225.43,2028.95,5.06,42.13,48.88,-87.45,0.263,6,0,2243.01
XRP,0.57,0.57,0.54,,0.01,38.36,-107.65,-0.568,4,22,0.95
Bitcoin,44022.69,47305.12,43381.02,28.11,723.11,69.71,-364.96,0.206,6,17,45801.85
Ethereum,2200.64,2223.28,2161.18,40.18,49.17,58.03,399.04,,3,5,2292.14
Solana,85.2,86.13,84.31,7.0,1.91,48.61,149.85,0.358,2,18,87.2
Bitcoin,40780.75,42077.7,37838.52,35.02,811.14,59.83,-492.08,0.426,5,30,41501.21
Solana,104.79,106.67,102.73,23.45,1.82,,272.68,0.133,4,27,107.92
Solana,88.65,91.38,86.08,31.56,2.05,29.33,-86.54,0.529,5,20,90.88
Etherium,109.24,115.25,105.99,,2.01,79.34,39.5,-0.819,5,24,10913.0
Ethereum,2363.98,2459.98,2309.84,18.23,51.79,26.47,70.46,-0.056,0,26,2334.44
Ethereum,2220.93,2274.94,2072.83,23.81,45.22,41.54,-457.19,0.775,3,11,
Ethereum,2354.76,2386.31,2332.54,10.41,50.3,69.2,-12.67,0.31,4,10,2396.8
Ethereum,2520.73,2690.41,2518.01,17.49,47.5,77.92,14.9,0.855,2,23,2606.1
Solana,88.06,89.06,83.67,18.35,1.71,51.17,148.39,-0.464,2,0,84.32
Ethereum,2209.64,2257.21,2094.46,48.9,43.75,53.68,-54.66,0.677,5,28,2224.2
BNB,290.36,294.63,277.47,39.75,5.6,23.82,-355.5,-0.634,2,10,276.91
Solana,99.3,101.98,94.58,35.69,1.9,71.99,147.59,0.67,4,29,102.86
XRP,0.45,0.48,0.42,,0.01,24.61,252.26,-0.227,0,23,0.68
Bitcoin,42257.18,44541.53,40568.5,37.63,790.46,41.26,-393.45,0.484,6,26,43064.03
Ethereum,2200.11,2258.06,2135.36,34.23,49.73,74.3,-142.52,0.287,4,15,2268.82
Solana,111.63,120.12,108.52,35.23,2.09,78.67,293.28,0.702,1,12,115.41
Bitcoin,38228.98,38830.71,36216.62,41.04,830.46,34.06,215.68,,5,30,
Ethereum,2220.11,2305.14,2213.79,35.82,44.46,,183.01,-0.175,4,2,2122.48
XRP,0.54,0.55,0.51,,0.01,35.43,-62.45,-0.997,1,27,
Solana,98.88,103.61,96.61,34.78,1.73,77.87,-143.19,0.384,2,12,99.7
Bitcoin,43555.68,43967.41,42348.88,30.76,740.4,24.47,-258.69,0.614,6,0,43613.27
etherum,0.57,0.58,0.57,3.09,0.01,69.07,175.1,0.893,3,9,1.26
Solana,108.82,111.82,107.11,11.25,1.9,43.1,127.52,-0.069,6,17,10507.0
Ethereum,2134.46,2152.13,2008.55,3.35,54.3,37.4,-178.75,0.316,2,9,2197.78
BNB,271.72,289.46,261.82,48.77,5.36,75.6,302.98,-0.74,3,14,
Solana,105.86,111.8,97.49,48.94,1.77,68.13,467.23,-0.171,6,25,101.58
Ethereum,113915.5,2404.86,2272.78,18.71,53.79,54.53,-172.33,0.766,2,10,2365.37
BNB,285.28,296.61,273.61,23.33,5.71,41.97,-290.4,0.577,3,2,288.68
Bitcoin,36262.37,36717.83,34719.38,5.05,751.33,60.35,480.3,-0.309,5,11,
bitcoin,294.18,312.25,277.9,26.34,5.69,72.57,94.5,0.263,6,21,300.98
XRP,0.5,0.54,0.48,39.69,0.01,28.45,-435.76,,2,15,0.81
Solana,110.51,111.31,104.25,8.04,1.79,34.54,-202.22,-0.908,5,4,107.8
XRP,0.49,0.49,0.46,48.87,0.01,20.29,373.93,0.199,1,8,0.71
BNB,328.86,349.49,309.78,43.44,5.58,56.59,-359.86,-0.847,4,26,326.55
Bitcoin,34065.33,35288.35,32629.82,12.9,799.02,41.76,-63.2,0.059,3,29,34888.75
BNB,332.19,340.32,307.66,35.64,5.96,29.0,-144.06,0.272,2,22,337.97
Solana,96.83,103.58,91.7,16.07,1.83,65.79,338.11,-0.768,4,12,97.46
XRP,0.45,0.45,0.45,13.94,0.01,71.55,306.47,-0.612,2,24,1.16
Bitcoin,34908.43,35081.9,34100.75,32.05,753.22,75.79,-222.85,-0.363,1,19,33987.93
ETH,278.37,290.73,264.02,8.89,6.19,75.3,-442.03,0.361,5,27,293.02
XRP,0.57,0.58,0.56,32.01,0.01,69.26,-223.27,0.146,5,20,1.27
Ethereum,2663.12,2669.85,2521.02,,52.61,60.33,281.72,-0.801,5,18,2636.45
ETH,299.63,314.19,296.1,5.8,5.32,55.54,48.25,-0.963,2,24,295.22
Ethereum,2145.61,2162.35,2066.39,7.29,41.02,79.1,-128.93,-0.741,3,4,2059.88
BNB,339.35,351.04,322.12,28.18,5.45,69.49,-37.49,-0.749,5,3,333.45
Ethereum,2560.07,2716.14,2474.68,3.65,47.67,73.32,-99.1,0.998,0,20,2611.22
Ethereum,2202.03,2203.76,2195.85,49.94,53.0,,46.33,0.869,,10,2246.64
BNB,339.69,348.14,313.4,16.83,5.89,28.57,320.89,0.829,5,23,347.09
Bitcoin,43167.68,44314.4,41264.92,20.61,712.75,56.87,-14.22,0.324,6,13,43908.45
BNB,,369.77,344.22,45.69,5.18,75.93,-16.01,0.656,3,3,346.94
XRP,0.48,0.5,0.47,43.44,0.01,23.77,427.9,0.047,5,19,0.73
XRP,0.57,0.6,0.53,24.42,0.01,60.66,-222.66,-0.808,2,19,1.15
Ethereum,2617.7,2720.13,2574.75,4.3,49.04,73.47,59.3,0.164,3,22,2690.91
Solana,110.51,111.97,106.14,12.12,1.93,42.24,-301.49,-0.443,4,25,109.93
BNB,329.39,339.55,312.43,36.92,5.82,29.59,-434.33,0.74,5,10,343.93
BNB,258.12,273.36,243.91,47.56,5.87,33.93,-433.25,0.021,3,8,269.89
Ethereum,2154.24,2164.39,2034.86,1.01,44.9,62.73,393.7,0.233,5,13,2193.7
BNB,264.39,272.25,257.14,31.63,5.33,47.26,211.69,0.668,0,20,265.17
BNB,288.25,308.85,273.54,21.76,5.38,68.01,-279.62,0.519,2,23,303.04
XRP,0.52,0.54,0.49,22.15,0.01,49.97,69.38,-0.003,6,10,1.0
Bitcoin,38463.03,40327.72,36300.83,6.88,701.78,,86.41,-0.961,2,8,37339.96
Ethereum,2596.47,2666.98,2486.92,34.38,43.8,35.3,394.28,0.225,4,16,2648.87
XRP,0.53,0.54,0.53,41.82,0.01,45.76,324.28,0.407,4,10,1.0
Bitcoin,42082.93,43611.34,41661.27,27.68,672.52,30.94,-240.18,0.885,2,12,43088.37
XRP,0.43,0.44,0.4,39.75,0.01,48.01,449.98,0.525,4,7,0.91
Ethereum,2617.44,2772.31,2414.35,13.62,51.63,41.18,146.48,-0.876,3,25,2533.3
Solana,113.61,119.94,108.02,43.92,1.94,67.4,331.32,,3,2,112.23
Bitcoin,38970.03,41546.06,37936.5,9.17,798.35,62.89,-136.0,0.463,2,2,38997.72
BNB,267.4,275.06,264.86,21.45,5.65,53.78,393.44,0.966,0,7,272.76
BNB,294.86,309.7,289.13,46.09,5.25,,-239.41,0.408,3,12,297.73
XRP,0.54,0.56,0.53,,0.01,77.78,-303.82,-0.258,5,13,1.32
BNB,256.91,269.98,245.6,8.7,5.73,39.13,-119.03,0.216,5,19,262.03
Solana,86.79,89.25,80.0,39.63,1.86,24.57,27.21,-0.004,3,6,85.09
bnb,2733.07,2746.48,2661.73,12.66,49.37,38.51,-485.58,0.783,0,20,2841.53
Bitcoin,42040.96,42328.18,41860.53,38.08,801.14,53.23,-80.56,-0.625,6,1,41186.24
Solana,88.65,90.22,81.73,22.46,1.93,58.98,15.67,0.563,2,10,92.27
XRP,0.5,0.53,0.5,,0.01,57.96,332.4,0.966,2,23,1.09
Ethereum,2721.55,2816.18,2606.51,35.3,50.37,68.09,-375.63,0.918,6,4,2767.2
XRP,0.52,0.52,0.49,46.07,0.01,72.09,208.11,-0.081,4,12,1.22
Ethereum,2590.15,2613.84,2502.31,21.33,41.69,38.65,361.93,0.557,1,13,2654.72
Ethereum,2380.96,2503.16,2327.75,33.04,50.93,22.28,-315.62,-0.789,1,2,2369.61
Bitcoin,44264.99,44269.27,43105.55,28.02,724.85,51.85,-197.04,0.943,6,18,45647.67
etherum,284.36,287.93,278.25,16.7,5.62,21.17,457.0,0.77,,16,286.2
Ethereum,,2976.07,2689.37,28.49,46.97,70.43,39.08,-0.239,0,14,2720.19
XRP,0.56,0.58,0.56,4.24,0.01,51.26,87.96,-0.564,6,5,
Ethereum,2826.52,2828.31,2783.32,28.5,45.82,69.09,-438.97,-0.779,6,6,2708.9
Ethereum,2784.95,2816.63,2761.25,34.23,49.36,40.77,428.46,0.985,6,4,2909.03
Ethereum,2424.83,2453.31,2348.15,5.48,49.6,38.94,223.5,-0.373,3,29,2390.78
BITCOIN,40876.85,44104.21,39956.74,35.0,878.87,,-163.04,-0.56,4,7,39875.77
Ethereum,2207.63,2305.54,2039.51,32.34,49.91,60.03,-368.24,0.336,5,24,2233.62
BNB,327.63,333.91,323.78,35.51,6.22,163.93,-404.98,0.427,5,3,334.33
XRP,0.44,0.46,0.43,25.9,0.01,39.26,464.23,0.454,5,6,0.83
BNB,262.65,281.23,249.72,49.62,5.55,68.2,-268.59,0.009,2,9,267.03
BNB,344.06,353.0,321.69,45.88,6.06,52.27,109.2,-0.072,4,18,340.42
Ethereum,2839.77,2924.1,2713.3,12.46,49.66,21.98,493.01,0.507,6,8,2950.11
BNB,256.0,260.05,240.3,38.2,5.99,52.24,310.7,-0.579,2,11,251.42
Bitcoin,44054.43,45732.6,41952.05,47.43,862.56,27.85,-133.64,0.182,3,19,
BNB,317.34,338.09,302.3,18.56,5.79,,-166.93,,4,28,320.42
XRP,0.56,0.58,0.53,13.66,0.01,46.54,367.14,-0.495,3,13,1.02
Solana,90.57,96.77,89.19,,2.12,40.33,-484.89,-0.134,1,28,9091.0
Solana,107.39,115.32,104.88,28.82,1.92,73.66,421.0,0.254,0,26,113.3
Ethereum,2742.78,2907.07,2646.99,39.82,47.08,29.38,260.15,0.847,0,20,2750.8
XRP,0.55,0.58,0.53,36.15,0.01,28.5,-291.71,,5,25,0.86
Bitcoin,39983.57,43100.63,38887.45,39.05,756.17,57.58,295.36,-0.304,,25,39346.41
Solana,105.27,111.19,98.92,23.56,1.87,47.68,207.4,0.178,1,23,108.43
Ethereum,2323.91,2365.24,2281.99,11.99,44.69,,496.75,-0.627,0,21,2282.98
BNB,313.72,336.85,293.6,39.12,5.17,24.98,-426.82,0.655,5,27,318.34
XRP,0.51,0.52,0.47,11.77,0.01,78.95,-56.09,0.608,2,1,131.0
Ethereum,2790.37,2965.71,2775.38,8.65,47.42,21.71,-474.85,-0.909,1,25,2702.25
BITCOIN,311.63,312.58,306.23,1.73,5.52,,144.98,-0.767,5,13,301.66
Bitcoin,42715.48,44609.47,40844.1,40.23,748.18,26.11,-384.54,-0.507,5,0,40951.5
Ethereum,2441.05,2536.72,2427.87,39.15,47.26,37.49,311.65,0.337,4,15,2527.8
BNB,339.37,366.07,333.05,43.49,6.22,43.73,73.43,0.567,4,14,346.24
Solana,87.91,93.45,82.05,18.68,1.8,23.41,-254.27,-0.516,6,14,86.95
BNB,301.17,319.97,290.02,44.94,6.4,,170.76,-0.668,0,8,291.56
BNB,285.45,289.77,276.05,16.5,5.99,56.99,179.65,0.996,3,27,296.3
XRP,0.49,0.51,0.47,42.0,0.01,68.76,-496.08,0.31,,27,1.19
BNB,,278.13,244.01,5.62,5.11,33.3,-409.53,0.905,,26,273.31
Solana,108.38,116.4,101.93,27.69,1.83,74.64,-271.31,-0.998,3,24,107.82
Bitcoin,,39898.15,37017.54,16.32,778.41,40.28,-291.53,-0.714,0,12,35854.14
Solana,94.41,95.15,93.68,8.23,1.97,68.63,-263.65,0.099,6,29,97.86
BNB,257.82,258.87,242.92,29.77,6.06,79.51,391.74,-0.433,3,17,252.97
BNB,,346.66,330.01,8.33,6.14,76.24,467.53,0.762,1,7,339.65
BNB,342.34,357.66,337.92,36.54,5.39,53.62,387.36,0.265,2,7,345.83
Ethereum,,2719.17,2345.89,11.41,50.1,25.5,391.53,0.531,5,1,2654.3
BNB,286.74,308.97,286.25,,5.87,129.93,-224.82,0.59,0,25,290.0
XRP,0.51,0.54,0.49,30.9,0.01,31.62,-417.1,-0.719,3,19,0.82
BNB,323.66,339.66,318.85,,5.87,29.84,431.44,0.295,2,2,328.46
XRP,0.44,0.46,0.44,39.65,0.01,52.23,-175.49,,6,8,
Bitcoin,37442.49,38475.57,35923.06,28.58,783.29,26.97,19.75,0.396,0,14,37488.12
Bitcoin,42819.69,44938.01,41552.91,46.43,783.75,58.32,481.93,-0.17,,8,41785.29
XRP,0.49,0.5,0.46,48.38,0.01,23.19,123.24,0.314,5,23,0.73
Ethereum,2757.51,2762.59,2556.36,5.34,48.05,42.93,422.1,-0.036,4,8,266620.0
BNB,296.91,306.12,294.06,34.46,5.99,21.53,126.42,-0.016,4,6,291.37
Ethereum,2608.27,2668.61,2554.32,40.13,45.04,77.45,251.94,-0.043,5,20,2521.2
Bitcoin,39911.36,41929.12,36851.64,14.1,794.68,45.67,103.71,0.676,1,25,41451.77
XRP,0.56,0.58,0.54,48.93,0.01,77.28,-15.69,-0.866,0,26,1.31
Bitcoin,40161.82,41528.48,37807.71,45.5,736.04,20.22,21.98,0.448,6,19,40804.61
Bitcoin,,46677.78,43441.8,11.79,726.25,53.95,181.46,0.492,0,16,45382.28
Solana,107.47,110.1,102.77,10.7,1.91,62.67,75.72,0.482,1,28,112.74
Ethereum,2729.74,2735.29,2655.64,23.81,52.21,123.3,226.42,0.311,3,1,2830.67
Ethereum,,2250.31,2052.02,5.18,48.88,69.46,-79.39,-0.309,2,24,2177.11
BNB,331.26,352.04,307.36,,5.76,69.65,-492.96,-0.196,5,24,317.88
XRP,0.44,0.46,0.43,8.11,0.01,22.64,218.1,,6,0,0.66
XRP,0.56,0.57,0.56,46.81,0.01,48.47,18.93,-0.462,3,4,1.03
Ethereum,2547.04,2661.53,2396.98,39.05,46.21,68.86,240.35,-0.36,3,26,2444.73
XRP,0.49,0.51,0.48,28.8,0.01,47.46,-74.9,0.901,6,1,0.98
Bitcoin,43654.07,44228.64,41181.05,19.04,791.84,25.48,-415.38,-0.574,6,22,41698.43
Ethereum,2756.63,2779.67,2538.36,28.98,43.5,53.88,1.96,-0.104,,15,2643.51
Solana,88.63,90.85,82.99,48.66,2.06,50.88,-391.77,0.458,3,12,
Solana,4670.0,93.57,88.93,35.56,1.78,76.86,66.0,0.949,5,7,97.34
BNB,261.9,280.64,250.89,19.85,5.31,47.23,251.13,-0.693,5,27,253.82
Bitcoin,40378.05,42559.47,37924.32,7.47,700.24,50.74,266.79,-0.452,3,22,40124.14
Solana,106.11,107.2,100.15,26.06,2.13,40.72,-43.36,0.173,1,23,108.28
BNB,302.51,324.04,294.95,45.81,5.63,76.01,254.31,-0.042,6,8,294.21
XRP,0.48,0.51,0.46,36.65,0.01,20.01,-9.91,-0.022,,10,0.66
XRP,,0.53,0.48,5.9,0.01,30.07,-383.71,-0.59,3,22,0.78
Solana,98.4,103.29,98.07,4.76,1.92,46.21,141.11,0.957,2,30,99.31
BNB,319.17,335.83,303.66,22.89,5.31,36.15,472.1,-0.056,0,11,307.33
bnb,2834.61,3028.3,2652.47,,43.54,75.67,-323.4,-0.673,2,19,2694.43
Ethereum,2410.14,2439.51,2353.01,15.02,49.83,67.08,178.38,-0.991,2,3,
XRP,0.53,0.55,0.51,35.75,0.01,50.51,4.74,-0.488,1,14,1.03
Solana,105.83,109.93,98.83,47.16,1.89,44.08,-396.14,-0.315,5,30,102.4
Etherium,0.48,0.52,0.46,46.46,0.01,72.85,-154.95,0.172,3,1,1.22
XRP,0.43,0.44,0.4,13.6,0.01,69.07,-325.9,0.575,6,1,1.12
Ethereum,2498.67,2685.61,2387.91,17.06,50.78,20.7,78.78,0.517,5,25,2593.06
ETH,114.98,123.9,111.09,18.7,1.73,51.42,397.57,0.76,6,24,121.22
bitcoin,110.92,119.48,107.88,49.72,1.92,59.46,116.91,-0.34,6,28,107.65
BITCOIN,87.58,94.39,83.07,42.54,1.83,33.94,165.58,0.038,5,18,91.12
XRP,0.46,0.47,0.43,30.34,0.01,70.49,27.99,,3,19,1.17
Bitcoin,44328.12,47205.56,42458.4,26.46,685.26,56.54,-256.3,0.546,5,13,46038.54
XRP,0.45,0.48,0.43,16.01,0.01,,-407.47,0.664,2,15,1.08
Ethereum,2301.71,2362.21,2244.53,46.97,45.69,48.48,143.07,-0.021,2,10,2272.59
BNB,284.96,285.49,277.96,33.56,5.01,49.62,141.69,-0.602,6,3,280.72
BNB,317.93,322.82,301.28,25.27,6.42,38.21,-370.43,0.82,5,12,318.39
BNB,313.86,322.45,298.25,15.55,5.75,70.76,337.65,-0.21,5,14,
XRP,0.47,0.49,0.45,47.39,0.01,76.38,-316.59,-0.242,2,19,1.22
Solana,96.39,99.62,91.5,47.44,1.98,30.8,183.18,-0.832,5,17,95.6
BNB,335.64,348.69,331.87,28.23,6.13,63.65,249.91,-0.339,1,5,
XRP,0.51,0.53,0.5,33.55,0.01,72.64,-193.93,0.372,5,30,1.25
Ethereum,2156.35,2250.47,2129.71,20.04,42.31,50.06,313.92,-0.555,1,28,2067.67
Bitcoin,37951.2,39837.03,35442.28,49.25,697.11,67.03,296.27,-0.778,6,23,37846.78
XRP,0.43,0.44,0.42,48.56,0.01,29.6,66.17,,3,8,0.71
BITCOIN,0.49,0.51,0.47,13.23,0.01,27.56,-207.66,0.647,3,1,0.78
Bitcoin,36545.74,36921.99,35111.14,10.15,801.19,29.4,-250.29,0.516,6,17,37070.7
XRP,0.47,0.5,0.43,4.9,0.01,22.7,304.19,-0.78,6,19,0.69
Bitcoin,42733.94,44515.76,39377.16,25.99,815.75,20.72,352.76,0.818,4,1,43901.87
Ethereum,2634.46,2710.67,2523.49,48.63,52.08,72.01,-82.99,0.534,2,16,2704.03
XRP,0.46,0.49,0.44,49.18,0.01,70.43,379.74,-0.201,6,13,1.15
Solana,,120.32,106.4,43.27,1.89,68.01,-115.53,0.639,6,8,120.2
BNB,266.88,287.68,246.29,42.23,5.71,27.17,-255.75,,2,21,268.15
XRP,0.47,0.5,0.44,22.7,0.01,22.18,183.24,0.521,1,7,0.7
Bitcoin,44837.9,46420.63,42388.58,29.28,748.18,73.47,-282.54,-0.825,4,26,42699.93
BNB,342.12,351.42,315.36,,5.32,40.3,-79.01,0.88,0,21,34666.0
XRP,0.52,0.56,0.48,26.75,0.01,26.83,-292.82,0.647,3,2,0.8
Ethereum,2225.23,2349.66,2086.41,,45.76,79.31,225.2,0.944,4,7,2325.17
BNB,276.48,280.51,256.78,32.78,5.27,,472.64,0.567,3,15,290.91
Ethereum,2741.72,2902.44,2716.7,45.22,47.25,63.75,-189.94,0.922,6,2,2826.87
Ethereum,2537.28,2683.6,2359.94,11.73,44.47,70.51,331.34,0.151,6,6,2633.63
Ethereum,2649.65,2832.56,2475.81,39.33,48.19,29.06,109.2,-0.63,3,19,2618.35
XRP,0.56,0.59,0.52,11.31,0.01,46.21,9.95,-0.314,4,23,1.01
BNB,262.54,268.55,244.73,15.92,4.9,64.79,-46.44,-0.327,1,18,253.31
Solana,88.41,91.24,81.93,1.41,1.99,35.95,99.22,-0.439,6,18,87.49
Solana,106.97,112.83,101.89,14.25,1.99,76.82,-177.53,,2,28,110.38
Bitcoin,41244.43,41251.23,40076.81,9.6,759.55,25.97,-353.78,0.683,3,22,42725.24
XRP,0.56,0.57,0.52,46.32,0.01,22.09,210.98,-0.621,1,18,
XRP,0.49,0.52,0.47,10.48,0.01,25.62,-414.62,,1,24,0.74
Ethereum,2334.31,2463.06,2220.57,7.77,50.76,,-175.25,,1,3,2445.24
Bitcoin,40058.68,42686.44,39704.17,7.16,758.62,20.92,280.99,0.127,2,14,40558.01
XRP,0.47,0.49,0.46,13.19,0.01,40.85,217.81,-0.853,6,27,0.86
BNB,293.78,303.0,284.56,34.55,5.63,69.17,180.01,,2,6,302.08
Ethereum,2282.21,2311.3,2102.7,43.44,51.85,78.81,-373.22,-0.115,6,23,2228.16
Bitcoin,37118.45,37726.79,35843.66,41.62,731.47,68.82,231.77,-0.156,1,7,37111.11
BNB,,0.57,0.52,10.27,0.01,46.26,240.43,-0.537,0,3,1.0
Bitcoin,36718.68,37329.06,35208.72,28.12,761.74,60.53,-435.68,,3,29,37271.54
Bitcoin,43529.78,44165.27,41121.95,8.03,832.71,140.82,-237.42,-0.008,4,16,
Ethereum,2855.77,2973.72,2794.23,1.23,49.26,42.4,-4.64,0.598,6,1,2891.24
Solana,109.34,109.6,102.53,10.85,2.16,,-498.69,0.76,1,5,114.03
XRP,0.55,0.56,0.53,37.84,0.01,70.09,-257.33,0.345,4,11,1.27
BNB,307.48,330.52,293.3,9.08,5.24,33.9,-116.28,0.137,0,26,308.82
Solana,113.56,122.53,109.73,,1.93,187.62,-99.82,-0.716,3,28,109.44
XRP,0.45,0.46,0.43,17.69,0.01,31.36,232.54,-0.096,6,13,0.74
XRP,0.57,0.61,0.54,47.78,0.01,79.76,19.36,0.917,0,21,1.4
Solana,110.03,116.81,105.17,44.88,1.9,35.75,-395.21,-0.629,2,9,105.06
Solana,97.37,103.9,92.28,16.5,1.96,77.98,-461.09,-0.205,,29,96.22
Solana,114.58,121.36,111.01,20.4,1.94,45.78,89.04,0.223,2,14,115.13
BNB,338.13,358.32,321.51,49.35,5.2,,-124.28,-0.024,,25,
BNB,259.62,277.97,241.79,36.26,5.29,48.23,377.25,-0.487,,29,250.7
Ethereum,,2981.24,2746.49,43.61,51.03,51.91,-253.39,0.119,2,23,2956.65
Ethereum,2498.98,2598.74,2457.66,15.36,49.51,,-130.91,0.113,0,18,2561.79
BNB,317.94,339.83,303.05,,5.94,41.37,-492.22,0.977,5,18,319.81
Solana,92.16,93.98,91.9,37.64,1.9,,-249.4,-0.205,1,25,87.98
BNB,341.3,365.98,314.52,44.86,5.44,32.48,-368.19,-0.755,2,12,328.25
Bitcoin,45176.18,47495.93,42612.34,21.55,796.27,26.31,183.6,0.893,4,19,47091.53
Solana,,107.8,101.02,49.19,2.02,,265.75,0.497,3,25,111.14
BNB,323.54,330.22,315.36,14.28,6.42,64.82,-70.8,0.407,4,13,332.39
XRP,0.54,0.57,0.53,1.05,0.01,67.98,133.35,0.874,5,11,1.23
Ethereum,2321.38,2373.55,2172.44,3.95,45.78,79.97,62.36,-0.793,0,30,2208.05
Solana,89.34,91.84,85.47,45.79,1.86,22.75,-300.0,-0.289,5,1,8666.0
Solana,102.03,109.36,98.41,1.77,2.05,60.06,309.99,-0.604,0,29,99.85
Bitcoin,40154.69,42643.03,37396.85,47.58,729.82,60.99,-258.03,0.447,0,25,40493.67
BNB,299.85,300.55,292.15,14.33,5.99,36.62,483.62,0.698,4,28,315.14
Solana,99.4,103.34,96.33,2.55,1.88,69.48,279.04,-0.974,3,7,96.94
Bitcoin,38613.3,41351.56,35566.37,47.64,741.64,28.17,-238.32,-0.654,3,20,37241.68
BNB,321.82,335.23,310.5,,5.01,76.41,137.95,,1,19,32767.0
Solana,98.28,103.62,93.84,24.46,1.97,53.89,182.44,-0.025,3,20,97.38
Ethereum,2405.36,2594.88,2391.6,33.5,52.57,,37.05,-0.254,4,18,2334.76
Ethereum,,2775.06,2482.55,28.45,45.31,57.56,-427.36,0.955,1,13,2689.89
XRP,0.5,0.52,0.48,25.31,0.01,37.95,-224.13,-0.667,3,2,0.86
XRP,,0.44,0.4,44.82,0.01,58.81,-251.27,0.766,2,7,1.04
Ethereum,2602.51,2650.3,2483.16,17.98,51.73,28.96,-497.33,-0.733,0,19,2544.35
BNB,257.21,271.3,243.72,49.68,5.82,65.13,195.06,-0.174,0,18,245.12
XRP,0.53,0.56,0.51,36.91,0.01,25.21,-398.2,0.773,4,6,0.8
XRP,0.55,0.55,0.51,12.68,0.01,,251.81,-0.166,5,22,1.11
Solana,97.19,99.08,97.14,10.41,1.76,78.86,-133.48,-0.295,6,5,94.36
Bitcoin,2118624.0,43415.35,40377.08,35.23,793.34,64.15,-74.2,-0.87,2,13,40276.33
Solana,94.09,95.48,89.64,43.06,1.98,78.84,-311.56,-0.531,0,24,90.27
